/* ARCHIVO: sql/02_datos_prueba.sql
   DESCRIPCIÓN: Carga de datos iniciales (Inserts y Updates de relaciones).
   PROYECTO: Casino DB
*/

-- 1. CARGA DE CLIENTES
INSERT INTO CLIENTE (ID_CLIENTE, NOMBRE, EDAD, TELEFONO, DNI, SALDO) VALUES (1, 'Ana Pérez', 25, 612345678, '12345678A', 100.50);
INSERT INTO CLIENTE (ID_CLIENTE, NOMBRE, EDAD, TELEFONO, DNI, SALDO) VALUES (2, 'Luis Martínez', 32, 623456789, '23456789B', 200.75);
INSERT INTO CLIENTE (ID_CLIENTE, NOMBRE, EDAD, TELEFONO, DNI, SALDO) VALUES (3, 'Marta García', 28, 634567890, '34567890C', 50.00);
INSERT INTO CLIENTE (ID_CLIENTE, NOMBRE, EDAD, TELEFONO, DNI, SALDO) VALUES (4, 'Jorge López', 40, 645678901, '45678901D', 300.00);
INSERT INTO CLIENTE (ID_CLIENTE, NOMBRE, EDAD, TELEFONO, DNI, SALDO) VALUES (5, 'Sofía Gómez', 22, 656789012, '56789012E', 150.00);
INSERT INTO CLIENTE (ID_CLIENTE, NOMBRE, EDAD, TELEFONO, DNI, SALDO) VALUES (6, 'Carlos Fernández', 35, 667890123, '67890123F', 75.25);
INSERT INTO CLIENTE (ID_CLIENTE, NOMBRE, EDAD, TELEFONO, DNI, SALDO) VALUES (7, 'Lucía Díaz', 30, 678901234, '78901234G', 400.00);
INSERT INTO CLIENTE (ID_CLIENTE, NOMBRE, EDAD, TELEFONO, DNI, SALDO) VALUES (8, 'Raúl Sánchez', 27, 689012345, '89012345H', 0.00);
INSERT INTO CLIENTE (ID_CLIENTE, NOMBRE, EDAD, TELEFONO, DNI, SALDO) VALUES (9, 'Elena Ramírez', 45, 690123456, '90123456I', 1000.00);
INSERT INTO CLIENTE (ID_CLIENTE, NOMBRE, EDAD, TELEFONO, DNI, SALDO) VALUES (10, 'David Torres', 33, 691234567, '01234567J', 25.50);
INSERT INTO CLIENTE (ID_CLIENTE, NOMBRE, EDAD, TELEFONO, DNI, SALDO) VALUES (11, 'Clara Jiménez', 29, 612345679, '11223344K', 500.00);
INSERT INTO CLIENTE (ID_CLIENTE, NOMBRE, EDAD, TELEFONO, DNI, SALDO) VALUES (12, 'Manuel Ruiz', 36, 623456780, '22334455L', 600.00);
INSERT INTO CLIENTE (ID_CLIENTE, NOMBRE, EDAD, TELEFONO, DNI, SALDO) VALUES (13, 'Paula Morales', 38, 634567891, '33445566M', 45.75);
INSERT INTO CLIENTE (ID_CLIENTE, NOMBRE, EDAD, TELEFONO, DNI, SALDO) VALUES (14, 'Iván Ortega', 31, 645678902, '44556677N', 120.00);
INSERT INTO CLIENTE (ID_CLIENTE, NOMBRE, EDAD, TELEFONO, DNI, SALDO) VALUES (15, 'Alicia Navarro', 26, 656789013, '55667788O', 75.00);
INSERT INTO CLIENTE (ID_CLIENTE, NOMBRE, EDAD, TELEFONO, DNI, SALDO) VALUES (17, 'Julia Hernández', 27, 612345789, '98765432A', 150.25);
INSERT INTO CLIENTE (ID_CLIENTE, NOMBRE, EDAD, TELEFONO, DNI, SALDO) VALUES (18, 'Rosa López', 22, 634567891, '76543210C', 200.75);
INSERT INTO CLIENTE (ID_CLIENTE, NOMBRE, EDAD, TELEFONO, DNI, SALDO) VALUES (19, 'Andrés Martínez', 30, 645678902, '65432109D', 50.00);
INSERT INTO CLIENTE (ID_CLIENTE, NOMBRE, EDAD, TELEFONO, DNI, SALDO) VALUES (20, 'Patricia Gómez', 29, 656789013, '54321098E', 120.50);
INSERT INTO CLIENTE (ID_CLIENTE, NOMBRE, EDAD, TELEFONO, DNI, SALDO) VALUES (21, 'Diego Sánchez', 42, 667890124, '43210987F', 300.00);
INSERT INTO CLIENTE (ID_CLIENTE, NOMBRE, EDAD, TELEFONO, DNI, SALDO) VALUES (22, 'Elena Vega', 33, 678901235, '32109876G', 80.25);
INSERT INTO CLIENTE (ID_CLIENTE, NOMBRE, EDAD, TELEFONO, DNI, SALDO) VALUES (23, 'Luis Navarro', 40, 689012346, '21098765H', 250.75);
INSERT INTO CLIENTE (ID_CLIENTE, NOMBRE, EDAD, TELEFONO, DNI, SALDO) VALUES (24, 'Ana Ruiz', 28, 690123457, '10987654I', 400.00);
INSERT INTO CLIENTE (ID_CLIENTE, NOMBRE, EDAD, TELEFONO, DNI, SALDO) VALUES (25, 'Miguel Torres', 24, 691234568, '01987654J', 35.00);
INSERT INTO CLIENTE (ID_CLIENTE, NOMBRE, EDAD, TELEFONO, DNI, SALDO) VALUES (26, 'Clara Fernández', 37, 602345679, '12987543K', 560.75);
INSERT INTO CLIENTE (ID_CLIENTE, NOMBRE, EDAD, TELEFONO, DNI, SALDO) VALUES (27, 'Francisco Ríos', 26, 603456780, '23987432L', 210.50);
INSERT INTO CLIENTE (ID_CLIENTE, NOMBRE, EDAD, TELEFONO, DNI, SALDO) VALUES (28, 'Isabel Romero', 31, 604567891, '34987321M', 95.00);
INSERT INTO CLIENTE (ID_CLIENTE, NOMBRE, EDAD, TELEFONO, DNI, SALDO) VALUES (29, 'Pedro Morales', 45, 605678902, '45987210N', 185.25);
INSERT INTO CLIENTE (ID_CLIENTE, NOMBRE, EDAD, TELEFONO, DNI, SALDO) VALUES (30, 'Cristina Méndez', 38, 606789013, '56987109O', 270.00);
INSERT INTO CLIENTE (ID_CLIENTE, NOMBRE, EDAD, TELEFONO, DNI, SALDO) VALUES (31, 'Raquel Castro', 23, 612345689, '67987098P', 75.50);
INSERT INTO CLIENTE (ID_CLIENTE, NOMBRE, EDAD, TELEFONO, DNI, SALDO) VALUES (32, 'Carmen Gil', 27, 623456781, '78986987Q', 130.00);
INSERT INTO CLIENTE (ID_CLIENTE, NOMBRE, EDAD, TELEFONO, DNI, SALDO) VALUES (33, 'Jorge Ibáñez', 34, 634567892, '89986876R', 195.00);
INSERT INTO CLIENTE (ID_CLIENTE, NOMBRE, EDAD, TELEFONO, DNI, SALDO) VALUES (34, 'Sara Blanco', 29, 645678903, '90986765S', 350.00);
INSERT INTO CLIENTE (ID_CLIENTE, NOMBRE, EDAD, TELEFONO, DNI, SALDO) VALUES (35, 'Alberto Vázquez', 41, 656789014, '01986654T', 220.25);

INSERT INTO NORMAL (ID_NORMAL) VALUES (1);
INSERT INTO NORMAL (ID_NORMAL) VALUES (3);
INSERT INTO NORMAL (ID_NORMAL) VALUES (5);
INSERT INTO NORMAL (ID_NORMAL) VALUES (7);
INSERT INTO NORMAL (ID_NORMAL) VALUES (9);
INSERT INTO NORMAL (ID_NORMAL) VALUES (11);
INSERT INTO NORMAL (ID_NORMAL) VALUES (13);
INSERT INTO NORMAL (ID_NORMAL) VALUES (15);
INSERT INTO NORMAL (ID_NORMAL) VALUES (17);
INSERT INTO NORMAL (ID_NORMAL) VALUES (19);
INSERT INTO NORMAL (ID_NORMAL) VALUES (21);
INSERT INTO NORMAL (ID_NORMAL) VALUES (23);
INSERT INTO NORMAL (ID_NORMAL) VALUES (25);
INSERT INTO NORMAL (ID_NORMAL) VALUES (27);
INSERT INTO NORMAL (ID_NORMAL) VALUES (29);
INSERT INTO NORMAL (ID_NORMAL) VALUES (31);
INSERT INTO NORMAL (ID_NORMAL) VALUES (33);
INSERT INTO NORMAL (ID_NORMAL) VALUES (35);

INSERT INTO CASINO (ID_CASINO, NOMBRE, DIRECCION, EMAIL, DIRECTOR) VALUES (1, 'Fortuna', 'Calle Sol', 'info@fortuna.com', NULL);
INSERT INTO CASINO (ID_CASINO, NOMBRE, DIRECCION, EMAIL, DIRECTOR) VALUES (2, 'Royal', 'Av. Luna', 'contact@royal.com', NULL);
INSERT INTO CASINO (ID_CASINO, NOMBRE, DIRECCION, EMAIL, DIRECTOR) VALUES (3, 'Oasis', 'Calle Mar', 'info@oasis.com', NULL);
INSERT INTO CASINO (ID_CASINO, NOMBRE, DIRECCION, EMAIL, DIRECTOR) VALUES (4, 'Mirage', 'Av. Norte', 'hello@mirage.com', NULL);
INSERT INTO CASINO (ID_CASINO, NOMBRE, DIRECCION, EMAIL, DIRECTOR) VALUES (5, 'Golden', 'Calle Sur', 'gold@golden.com', NULL);
INSERT INTO CASINO (ID_CASINO, NOMBRE, DIRECCION, EMAIL, DIRECTOR) VALUES (6, 'Veneto', 'Av. Oeste', 'veneto@veneto.com', NULL);

INSERT INTO EMPLEADO (NSS, DNI, NOMBRE, SALARIO, TIPO_CONTRATO, CASINO_TRABAJA) VALUES ('1234567890A', '12345678A', 'Carlos López', 2000, 'Fijo', 1);
INSERT INTO EMPLEADO (NSS, DNI, NOMBRE, SALARIO, TIPO_CONTRATO, CASINO_TRABAJA) VALUES ('2345678901B', '23456789B', 'María Pérez', 1500, 'Fijo', 2);
INSERT INTO EMPLEADO (NSS, DNI, NOMBRE, SALARIO, TIPO_CONTRATO, CASINO_TRABAJA) VALUES ('3456789012C', '34567890C', 'Juan Martínez', 1800, 'Fijo', 3);
INSERT INTO EMPLEADO (NSS, DNI, NOMBRE, SALARIO, TIPO_CONTRATO, CASINO_TRABAJA) VALUES ('4567890123D', '45678901D', 'Laura García', 2200, 'Fijo', 4);
INSERT INTO EMPLEADO (NSS, DNI, NOMBRE, SALARIO, TIPO_CONTRATO, CASINO_TRABAJA) VALUES ('5678901234E', '56789012E', 'Pedro Fernández', 1600, 'Temporal', 5);
INSERT INTO EMPLEADO (NSS, DNI, NOMBRE, SALARIO, TIPO_CONTRATO, CASINO_TRABAJA) VALUES ('6789012345F', '67890123F', 'Lucía Gómez', 1450, 'Fijo', 6);
INSERT INTO EMPLEADO (NSS, DNI, NOMBRE, SALARIO, TIPO_CONTRATO, CASINO_TRABAJA) VALUES ('7890123456G', '78901234G', 'Raúl Sánchez', 1700, 'Temporal', 2);
INSERT INTO EMPLEADO (NSS, DNI, NOMBRE, SALARIO, TIPO_CONTRATO, CASINO_TRABAJA) VALUES ('8901234567H', '89012345H', 'Ana Ramírez', 1900, 'Fijo', 1);
INSERT INTO EMPLEADO (NSS, DNI, NOMBRE, SALARIO, TIPO_CONTRATO, CASINO_TRABAJA) VALUES ('9012345678I', '90123456I', 'David Torres', 1750, 'Fijo', 2);
INSERT INTO EMPLEADO (NSS, DNI, NOMBRE, SALARIO, TIPO_CONTRATO, CASINO_TRABAJA) VALUES ('0123456789J', '01234567J', 'Elena Jiménez', 1400, 'Temporal', 1);
INSERT INTO EMPLEADO (NSS, DNI, NOMBRE, SALARIO, TIPO_CONTRATO, CASINO_TRABAJA) VALUES ('1234509876K', '11223344K', 'Enrique Montes', 1300, 'Fijo', 3);
INSERT INTO EMPLEADO (NSS, DNI, NOMBRE, SALARIO, TIPO_CONTRATO, CASINO_TRABAJA) VALUES ('2345610987L', '22334455L', 'Tomás Alonso', 2100, 'Fijo', 2);
INSERT INTO EMPLEADO (NSS, DNI, NOMBRE, SALARIO, TIPO_CONTRATO, CASINO_TRABAJA) VALUES ('3456721098M', '33445566M', 'Clara Ruiz', 1600, 'Temporal', 5);
INSERT INTO EMPLEADO (NSS, DNI, NOMBRE, SALARIO, TIPO_CONTRATO, CASINO_TRABAJA) VALUES ('4567832109N', '44556677N', 'Pablo Navarro', 1200, 'Fijo', 2);
INSERT INTO EMPLEADO (NSS, DNI, NOMBRE, SALARIO, TIPO_CONTRATO, CASINO_TRABAJA) VALUES ('5678943210O', '55667788O', 'Martín Domínguez', 1550, 'Temporal', 6);
INSERT INTO EMPLEADO (NSS, DNI, NOMBRE, SALARIO, TIPO_CONTRATO, CASINO_TRABAJA) VALUES ('1234567890P', '66778899P', 'Marta Castro', 1400, 'Fijo', 1);
INSERT INTO EMPLEADO (NSS, DNI, NOMBRE, SALARIO, TIPO_CONTRATO, CASINO_TRABAJA) VALUES ('2345678901Q', '77889900Q', 'Raquel Lozano', 1800, 'Fijo', 2);
INSERT INTO EMPLEADO (NSS, DNI, NOMBRE, SALARIO, TIPO_CONTRATO, CASINO_TRABAJA) VALUES ('3456789012R', '88990011R', 'Valeria López', 2000, 'Fijo', 4);
INSERT INTO EMPLEADO (NSS, DNI, NOMBRE, SALARIO, TIPO_CONTRATO, CASINO_TRABAJA) VALUES ('4567890123S', '99001122S', 'Diego Molina', 1300, 'Temporal', 5);
INSERT INTO EMPLEADO (NSS, DNI, NOMBRE, SALARIO, TIPO_CONTRATO, CASINO_TRABAJA) VALUES ('5678901234T', '00112233T', 'Carmen Ríos', 1450, 'Fijo', 6);
INSERT INTO EMPLEADO (NSS, DNI, NOMBRE, SALARIO, TIPO_CONTRATO, CASINO_TRABAJA) VALUES ('6789012345U', '11223344U', 'Sergio Rojas', 1600, 'Temporal', 5);
INSERT INTO EMPLEADO (NSS, DNI, NOMBRE, SALARIO, TIPO_CONTRATO, CASINO_TRABAJA) VALUES ('7890123456V', '22334455V', 'Nuria Hernández', 1750, 'Fijo', 3);
INSERT INTO EMPLEADO (NSS, DNI, NOMBRE, SALARIO, TIPO_CONTRATO, CASINO_TRABAJA) VALUES ('8901234567W', '33445566W', 'Adrián Soto', 2100, 'Fijo', 6);
INSERT INTO EMPLEADO (NSS, DNI, NOMBRE, SALARIO, TIPO_CONTRATO, CASINO_TRABAJA) VALUES ('9012345678X', '44556677X', 'Celia Vega', 1300, 'Temporal', 2);
INSERT INTO EMPLEADO (NSS, DNI, NOMBRE, SALARIO, TIPO_CONTRATO, CASINO_TRABAJA) VALUES ('0123456789Y', '55667788Y', 'Luis Lara', 1550, 'Fijo', 2);
INSERT INTO EMPLEADO (NSS, DNI, NOMBRE, SALARIO, TIPO_CONTRATO, CASINO_TRABAJA) VALUES ('1234509876Z', '66778899Z', 'Marina Aguilar', 1800, 'Temporal', 1);
INSERT INTO EMPLEADO (NSS, DNI, NOMBRE, SALARIO, TIPO_CONTRATO, CASINO_TRABAJA) VALUES ('2345610987A', '77889900A', 'Roberto Vidal', 1700, 'Fijo', 4);
INSERT INTO EMPLEADO (NSS, DNI, NOMBRE, SALARIO, TIPO_CONTRATO, CASINO_TRABAJA) VALUES ('3456721098B', '88990011B', 'Patricia Suárez', 1400, 'Fijo', 5);
INSERT INTO EMPLEADO (NSS, DNI, NOMBRE, SALARIO, TIPO_CONTRATO, CASINO_TRABAJA) VALUES ('4567832109C', '99001122C', 'Óscar Castellano', 1250, 'Temporal', 3);
INSERT INTO EMPLEADO (NSS, DNI, NOMBRE, SALARIO, TIPO_CONTRATO, CASINO_TRABAJA) VALUES ('5678943210D', '00112233D', 'Isabel Santos', 1350, 'Fijo', 1);
INSERT INTO EMPLEADO (NSS, DNI, NOMBRE, SALARIO, TIPO_CONTRATO, CASINO_TRABAJA) VALUES ('6789012345E', '11223344E', 'Fernando Crespo', 1800, 'Fijo', 3);
INSERT INTO EMPLEADO (NSS, DNI, NOMBRE, SALARIO, TIPO_CONTRATO, CASINO_TRABAJA) VALUES ('7890123456F', '22334455F', 'Sara Ibáñez', 1450, 'Temporal', 6);
INSERT INTO EMPLEADO (NSS, DNI, NOMBRE, SALARIO, TIPO_CONTRATO, CASINO_TRABAJA) VALUES ('8901234567G', '33445566G', 'Rocío Redondo', 2000, 'Fijo', 2);
INSERT INTO EMPLEADO (NSS, DNI, NOMBRE, SALARIO, TIPO_CONTRATO, CASINO_TRABAJA) VALUES ('9012345678H', '44556677H', 'Enrique Montes', 1400, 'Fijo', 2);
INSERT INTO EMPLEADO (NSS, DNI, NOMBRE, SALARIO, TIPO_CONTRATO, CASINO_TRABAJA) VALUES ('2345678901R', '12345012R', 'Diego Prieto', 1900, 'Fijo', 1);
INSERT INTO EMPLEADO (NSS, DNI, NOMBRE, SALARIO, TIPO_CONTRATO, CASINO_TRABAJA) VALUES ('3456789012S', '23456123S', 'Beatriz Martín', 1600, 'Temporal', 2);
INSERT INTO EMPLEADO (NSS, DNI, NOMBRE, SALARIO, TIPO_CONTRATO, CASINO_TRABAJA) VALUES ('4567890123T', '34567234T', 'Hugo Pérez', 1300, 'Fijo', 3);
INSERT INTO EMPLEADO (NSS, DNI, NOMBRE, SALARIO, TIPO_CONTRATO, CASINO_TRABAJA) VALUES ('5678901234U', '45678345U', 'Valeria López', 1550, 'Temporal', 4);
INSERT INTO EMPLEADO (NSS, DNI, NOMBRE, SALARIO, TIPO_CONTRATO, CASINO_TRABAJA) VALUES ('6789012345V', '56789456V', 'Andrés González', 1450, 'Fijo', 5);
INSERT INTO EMPLEADO (NSS, DNI, NOMBRE, SALARIO, TIPO_CONTRATO, CASINO_TRABAJA) VALUES ('7890123456W', '67890567W', 'Lorena Serrano', 1700, 'Temporal', 6);
INSERT INTO EMPLEADO (NSS, DNI, NOMBRE, SALARIO, TIPO_CONTRATO, CASINO_TRABAJA) VALUES ('8901234567X', '78901678X', 'Mario Ibáñez', 2000, 'Fijo', 5);
INSERT INTO EMPLEADO (NSS, DNI, NOMBRE, SALARIO, TIPO_CONTRATO, CASINO_TRABAJA) VALUES ('9012345678Y', '89012789Y', 'Eva Moreno', 1400, 'Fijo', 6);
INSERT INTO EMPLEADO (NSS, DNI, NOMBRE, SALARIO, TIPO_CONTRATO, CASINO_TRABAJA) VALUES ('0123456789Z', '90123890Z', 'Javier Méndez', 1250, 'Temporal', 1);
INSERT INTO EMPLEADO (NSS, DNI, NOMBRE, SALARIO, TIPO_CONTRATO, CASINO_TRABAJA) VALUES ('2345678901B1', '12345012B', 'Álvaro Ramos', 1300, 'Fijo', 2);
INSERT INTO EMPLEADO (NSS, DNI, NOMBRE, SALARIO, TIPO_CONTRATO, CASINO_TRABAJA) VALUES ('3456789012C1', '23456123C', 'Inés Rubio', 1450, 'Temporal', 3);
INSERT INTO EMPLEADO (NSS, DNI, NOMBRE, SALARIO, TIPO_CONTRATO, CASINO_TRABAJA) VALUES ('4567890123D1', '34567234D', 'Marcos Rivas', 1600, 'Fijo', 4);
INSERT INTO EMPLEADO (NSS, DNI, NOMBRE, SALARIO, TIPO_CONTRATO, CASINO_TRABAJA) VALUES ('5678901234E1', '45678345E', 'Paula Villar', 1400, 'Temporal', 5);
INSERT INTO EMPLEADO (NSS, DNI, NOMBRE, SALARIO, TIPO_CONTRATO, CASINO_TRABAJA) VALUES ('6789012345F1', '56789456F', 'Rubén Sastre', 1750, 'Fijo', 6);
INSERT INTO EMPLEADO (NSS, DNI, NOMBRE, SALARIO, TIPO_CONTRATO, CASINO_TRABAJA) VALUES ('7890123456G1', '67890567G', 'Estela Gil', 2000, 'Fijo', 4);
INSERT INTO EMPLEADO (NSS, DNI, NOMBRE, SALARIO, TIPO_CONTRATO, CASINO_TRABAJA) VALUES ('8901234567H1', '78901678H', 'Diego Prieto', 1350, 'Temporal', 5);
INSERT INTO EMPLEADO (NSS, DNI, NOMBRE, SALARIO, TIPO_CONTRATO, CASINO_TRABAJA) VALUES ('9012345678I1', '89012789I', 'Raquel Lozano', 1800, 'Fijo', 6);
INSERT INTO EMPLEADO (NSS, DNI, NOMBRE, SALARIO, TIPO_CONTRATO, CASINO_TRABAJA) VALUES ('0123456789J1', '90123890J', 'Víctor Reyes', 1550, 'Temporal', 3);
INSERT INTO EMPLEADO (NSS, DNI, NOMBRE, SALARIO, TIPO_CONTRATO, CASINO_TRABAJA) VALUES ('1234567890K1', '01234901K', 'Noelia Saavedra', 1900, 'Fijo', 1);

-- ASIGNACIÓN DE DIRECTORES (UPDATE)
UPDATE CASINO SET DIRECTOR = '1234567890A' WHERE ID_CASINO = 1;
UPDATE CASINO SET DIRECTOR = '2345678901B' WHERE ID_CASINO = 2;
UPDATE CASINO SET DIRECTOR = '3456789012C' WHERE ID_CASINO = 3;
UPDATE CASINO SET DIRECTOR = '3456789012C' WHERE ID_CASINO = 4;
UPDATE CASINO SET DIRECTOR = '5678901234E' WHERE ID_CASINO = 5;
UPDATE CASINO SET DIRECTOR = '3456721098B' WHERE ID_CASINO = 6;

INSERT INTO VIP (ID_VIP, FECHA_INSCRIPCION, REGIMEN_VIP, EMPLEADO_INSCRIPCION) VALUES (2, TO_DATE('2023-05-12', 'YYYY-MM-DD'), 'Gold', '2345678901B1');
INSERT INTO VIP (ID_VIP, FECHA_INSCRIPCION, REGIMEN_VIP, EMPLEADO_INSCRIPCION) VALUES (4, TO_DATE('2023-07-18', 'YYYY-MM-DD'), 'Silver', '3456789012C1');
INSERT INTO VIP (ID_VIP, FECHA_INSCRIPCION, REGIMEN_VIP, EMPLEADO_INSCRIPCION) VALUES (6, TO_DATE('2024-01-22', 'YYYY-MM-DD'), 'Platinum', '4567890123D1');
INSERT INTO VIP (ID_VIP, FECHA_INSCRIPCION, REGIMEN_VIP, EMPLEADO_INSCRIPCION) VALUES (8, TO_DATE('2024-03-15', 'YYYY-MM-DD'), 'Gold', '5678901234E1');
INSERT INTO VIP (ID_VIP, FECHA_INSCRIPCION, REGIMEN_VIP, EMPLEADO_INSCRIPCION) VALUES (10, TO_DATE('2023-08-10', 'YYYY-MM-DD'), 'Silver', '6789012345F1');
INSERT INTO VIP (ID_VIP, FECHA_INSCRIPCION, REGIMEN_VIP, EMPLEADO_INSCRIPCION) VALUES (12, TO_DATE('2023-09-05', 'YYYY-MM-DD'), 'Gold', '7890123456G1');
INSERT INTO VIP (ID_VIP, FECHA_INSCRIPCION, REGIMEN_VIP, EMPLEADO_INSCRIPCION) VALUES (14, TO_DATE('2024-04-25', 'YYYY-MM-DD'), 'Platinum', '8901234567H1');
INSERT INTO VIP (ID_VIP, FECHA_INSCRIPCION, REGIMEN_VIP, EMPLEADO_INSCRIPCION) VALUES (18, TO_DATE('2023-06-20', 'YYYY-MM-DD'), 'Silver', '0123456789J1');
INSERT INTO VIP (ID_VIP, FECHA_INSCRIPCION, REGIMEN_VIP, EMPLEADO_INSCRIPCION) VALUES (20, TO_DATE('2023-10-12', 'YYYY-MM-DD'), 'Gold', '1234567890K1');
INSERT INTO VIP (ID_VIP, FECHA_INSCRIPCION, REGIMEN_VIP, EMPLEADO_INSCRIPCION) VALUES (22, TO_DATE('2024-01-08', 'YYYY-MM-DD'), 'Platinum', '2345678901B1');
INSERT INTO VIP (ID_VIP, FECHA_INSCRIPCION, REGIMEN_VIP, EMPLEADO_INSCRIPCION) VALUES (24, TO_DATE('2024-03-30', 'YYYY-MM-DD'), 'Silver', '3456789012C1');
INSERT INTO VIP (ID_VIP, FECHA_INSCRIPCION, REGIMEN_VIP, EMPLEADO_INSCRIPCION) VALUES (26, TO_DATE('2024-04-14', 'YYYY-MM-DD'), 'Gold', '4567890123D1');
INSERT INTO VIP (ID_VIP, FECHA_INSCRIPCION, REGIMEN_VIP, EMPLEADO_INSCRIPCION) VALUES (28, TO_DATE('2023-12-18', 'YYYY-MM-DD'), 'Platinum', '5678901234E1');
INSERT INTO VIP (ID_VIP, FECHA_INSCRIPCION, REGIMEN_VIP, EMPLEADO_INSCRIPCION) VALUES (30, TO_DATE('2023-11-10', 'YYYY-MM-DD'), 'Gold', '6789012345F1');
INSERT INTO VIP (ID_VIP, FECHA_INSCRIPCION, REGIMEN_VIP, EMPLEADO_INSCRIPCION) VALUES (32, TO_DATE('2023-08-05', 'YYYY-MM-DD'), 'Silver', '7890123456G1');
INSERT INTO VIP (ID_VIP, FECHA_INSCRIPCION, REGIMEN_VIP, EMPLEADO_INSCRIPCION) VALUES (34, TO_DATE('2024-02-20', 'YYYY-MM-DD'), 'Platinum', '8901234567H1');

INSERT INTO TELEFONOS_CASINO (ID_CASINO, TELEFONO) VALUES (1, 612345678);
INSERT INTO TELEFONOS_CASINO (ID_CASINO, TELEFONO) VALUES(1, 612345679);
INSERT INTO TELEFONOS_CASINO (ID_CASINO, TELEFONO) VALUES(2, 623456789);
INSERT INTO TELEFONOS_CASINO (ID_CASINO, TELEFONO) VALUES(2, 623456780);
INSERT INTO TELEFONOS_CASINO (ID_CASINO, TELEFONO) VALUES(3, 634567890);
INSERT INTO TELEFONOS_CASINO (ID_CASINO, TELEFONO) VALUES(3, 634567891);
INSERT INTO TELEFONOS_CASINO (ID_CASINO, TELEFONO) VALUES(4, 645678901);
INSERT INTO TELEFONOS_CASINO (ID_CASINO, TELEFONO) VALUES(5, 656789012);
INSERT INTO TELEFONOS_CASINO (ID_CASINO, TELEFONO) VALUES(5, 656789013);
INSERT INTO TELEFONOS_CASINO (ID_CASINO, TELEFONO) VALUES(6, 667890123);
INSERT INTO TELEFONOS_CASINO (ID_CASINO, TELEFONO) VALUES(2, 678901234);
INSERT INTO TELEFONOS_CASINO (ID_CASINO, TELEFONO) VALUES(3, 689012345);
INSERT INTO TELEFONOS_CASINO (ID_CASINO, TELEFONO) VALUES(1, 689012346);
INSERT INTO TELEFONOS_CASINO (ID_CASINO, TELEFONO) VALUES(2, 690123456);
INSERT INTO TELEFONOS_CASINO (ID_CASINO, TELEFONO) VALUES(4, 667890124);
INSERT INTO TELEFONOS_CASINO (ID_CASINO, TELEFONO) VALUES(6, 634567892);
INSERT INTO TELEFONOS_CASINO (ID_CASINO, TELEFONO) VALUES(5, 678901235);

INSERT INTO SALA (ID_SALA, NOMBRE, LOCALIZACION, CAPACIDAD, CASINO_PERTENECE) VALUES (1, 'Sala VIP', 'Planta 1', 200, 1);
INSERT INTO SALA (ID_SALA, NOMBRE, LOCALIZACION, CAPACIDAD, CASINO_PERTENECE) VALUES (2, 'Sala Oro', 'Planta 3', 150, 2);
INSERT INTO SALA (ID_SALA, NOMBRE, LOCALIZACION, CAPACIDAD, CASINO_PERTENECE) VALUES (3, 'Sala VIP', 'Planta 3', 100, 3);
INSERT INTO SALA (ID_SALA, NOMBRE, LOCALIZACION, CAPACIDAD, CASINO_PERTENECE) VALUES (4, 'Sala Deluxe', 'Planta 2', 250, 4);
INSERT INTO SALA (ID_SALA, NOMBRE, LOCALIZACION, CAPACIDAD, CASINO_PERTENECE) VALUES (5, 'Sala Royale', 'Hall', 300, 5);
INSERT INTO SALA (ID_SALA, NOMBRE, LOCALIZACION, CAPACIDAD, CASINO_PERTENECE) VALUES (6, 'Sala Luna', 'Planta 2', 180, 1);
INSERT INTO SALA (ID_SALA, NOMBRE, LOCALIZACION, CAPACIDAD, CASINO_PERTENECE) VALUES (7, 'Sala Estrella', 'Planta 2', 220, 2);
INSERT INTO SALA (ID_SALA, NOMBRE, LOCALIZACION, CAPACIDAD, CASINO_PERTENECE) VALUES (8, 'Sala Crystal', 'Planta 1', 150, 6);
INSERT INTO SALA (ID_SALA, NOMBRE, LOCALIZACION, CAPACIDAD, CASINO_PERTENECE) VALUES (9, 'Sala VIP', 'Planta 3', 300, 3);
INSERT INTO SALA (ID_SALA, NOMBRE, LOCALIZACION, CAPACIDAD, CASINO_PERTENECE) VALUES (10, 'Sala Royale', 'Atico', 400, 5);
INSERT INTO SALA (ID_SALA, NOMBRE, LOCALIZACION, CAPACIDAD, CASINO_PERTENECE) VALUES (11, 'Sala Galaxy', 'Hall', 200, 2);
INSERT INTO SALA (ID_SALA, NOMBRE, LOCALIZACION, CAPACIDAD, CASINO_PERTENECE) VALUES (12, 'Sala Deluxe', 'Planta 3', 350, 4);
INSERT INTO SALA (ID_SALA, NOMBRE, LOCALIZACION, CAPACIDAD, CASINO_PERTENECE) VALUES (13, 'Sala Prestige', 'Hall', 180, 3);
INSERT INTO SALA (ID_SALA, NOMBRE, LOCALIZACION, CAPACIDAD, CASINO_PERTENECE) VALUES (14, 'Sala Royale', 'Atico', 210, 2);
INSERT INTO SALA (ID_SALA, NOMBRE, LOCALIZACION, CAPACIDAD, CASINO_PERTENECE) VALUES (15, 'Sala Deluxe', 'Planta 1', 120, 5);
INSERT INTO SALA (ID_SALA, NOMBRE, LOCALIZACION, CAPACIDAD, CASINO_PERTENECE) VALUES (16, 'Sala Royale', 'Planta 2', 100, 1);
INSERT INTO SALA (ID_SALA, NOMBRE, LOCALIZACION, CAPACIDAD, CASINO_PERTENECE) VALUES (17, 'Sala Galaxy', 'Planta 3', 130, 3);
INSERT INTO SALA (ID_SALA, NOMBRE, LOCALIZACION, CAPACIDAD, CASINO_PERTENECE) VALUES (18, 'Sala Royale', 'Planta 4', 200, 4);
INSERT INTO SALA (ID_SALA, NOMBRE, LOCALIZACION, CAPACIDAD, CASINO_PERTENECE) VALUES (19, 'Sala Royale', 'Planta 2', 150, 1);
INSERT INTO SALA (ID_SALA, NOMBRE, LOCALIZACION, CAPACIDAD, CASINO_PERTENECE) VALUES (20, 'Sala Estrella', 'Atico', 250, 3);
INSERT INTO SALA (ID_SALA, NOMBRE, LOCALIZACION, CAPACIDAD, CASINO_PERTENECE) VALUES (21, 'Sala Oro', 'Hall', 190, 6);
INSERT INTO SALA (ID_SALA, NOMBRE, LOCALIZACION, CAPACIDAD, CASINO_PERTENECE) VALUES (22, 'Sala Omega', 'Planta 3', 220, 5);
INSERT INTO SALA (ID_SALA, NOMBRE, LOCALIZACION, CAPACIDAD, CASINO_PERTENECE) VALUES (23, 'Sala VIP', 'Planta 2', 300, 4);
INSERT INTO SALA (ID_SALA, NOMBRE, LOCALIZACION, CAPACIDAD, CASINO_PERTENECE) VALUES (24, 'Sala Deluxe', 'Planta 3', 180, 3);
INSERT INTO SALA (ID_SALA, NOMBRE, LOCALIZACION, CAPACIDAD, CASINO_PERTENECE) VALUES (25, 'Sala VIP', 'Hall', 250, 6);
INSERT INTO SALA (ID_SALA, NOMBRE, LOCALIZACION, CAPACIDAD, CASINO_PERTENECE) VALUES (26, 'Sala Luna', 'Planta 2', 160, 3);
INSERT INTO SALA (ID_SALA, NOMBRE, LOCALIZACION, CAPACIDAD, CASINO_PERTENECE) VALUES (27, 'Sala Galaxy', 'Planta 4', 210, 1);
INSERT INTO SALA (ID_SALA, NOMBRE, LOCALIZACION, CAPACIDAD, CASINO_PERTENECE) VALUES (28, 'Sala Deluxe', 'Planta 3', 200, 2);
INSERT INTO SALA (ID_SALA, NOMBRE, LOCALIZACION, CAPACIDAD, CASINO_PERTENECE) VALUES (29, 'Sala Oro', 'Atico', 300, 1);
INSERT INTO SALA (ID_SALA, NOMBRE, LOCALIZACION, CAPACIDAD, CASINO_PERTENECE) VALUES (30, 'Sala Oro', 'Hall', 220, 4);

INSERT INTO MESA_JUEGO (ID_MESA, TIPO_JUEGO, CAPACIDAD, ESTADO, ID_SALA) VALUES (1, 'Blackjack', 6, 'Disponible', 2);
INSERT INTO MESA_JUEGO (ID_MESA, TIPO_JUEGO, CAPACIDAD, ESTADO, ID_SALA) VALUES (2, 'Poker', 8, 'Cerrada', 3);
INSERT INTO MESA_JUEGO (ID_MESA, TIPO_JUEGO, CAPACIDAD, ESTADO, ID_SALA) VALUES (3, 'Ruleta', 7, 'Mantenimiento', 1);
INSERT INTO MESA_JUEGO (ID_MESA, TIPO_JUEGO, CAPACIDAD, ESTADO, ID_SALA) VALUES (4, 'Baccarat', 6, 'Disponible', 4);
INSERT INTO MESA_JUEGO (ID_MESA, TIPO_JUEGO, CAPACIDAD, ESTADO, ID_SALA) VALUES (5, 'Texas Hold_em', 10, 'Cerrada', 3);
INSERT INTO MESA_JUEGO (ID_MESA, TIPO_JUEGO, CAPACIDAD, ESTADO, ID_SALA) VALUES (6, 'Blackjack', 7, 'Disponible', 2);
INSERT INTO MESA_JUEGO (ID_MESA, TIPO_JUEGO, CAPACIDAD, ESTADO, ID_SALA) VALUES (7, 'Craps', 12, 'Cerrada', 2);
INSERT INTO MESA_JUEGO (ID_MESA, TIPO_JUEGO, CAPACIDAD, ESTADO, ID_SALA) VALUES (8, 'Poker', 8, 'Disponible', 3);
INSERT INTO MESA_JUEGO (ID_MESA, TIPO_JUEGO, CAPACIDAD, ESTADO, ID_SALA) VALUES (9, 'Ruleta', 6, 'Disponible', 1);
INSERT INTO MESA_JUEGO (ID_MESA, TIPO_JUEGO, CAPACIDAD, ESTADO, ID_SALA) VALUES (10, 'Baccarat', 9, 'Cerrada', 4);
INSERT INTO MESA_JUEGO (ID_MESA, TIPO_JUEGO, CAPACIDAD, ESTADO, ID_SALA) VALUES (11, 'Texas Hold_em', 8, 'Disponible', 6);
INSERT INTO MESA_JUEGO (ID_MESA, TIPO_JUEGO, CAPACIDAD, ESTADO, ID_SALA) VALUES (12, 'Blackjack', 7, 'Disponible', 8);
INSERT INTO MESA_JUEGO (ID_MESA, TIPO_JUEGO, CAPACIDAD, ESTADO, ID_SALA) VALUES (13, 'Craps', 10, 'Mantenimiento', 7);
INSERT INTO MESA_JUEGO (ID_MESA, TIPO_JUEGO, CAPACIDAD, ESTADO, ID_SALA) VALUES (14, 'Poker', 6, 'Cerrada', 5);
INSERT INTO MESA_JUEGO (ID_MESA, TIPO_JUEGO, CAPACIDAD, ESTADO, ID_SALA) VALUES (15, 'Ruleta', 8, 'Disponible', 5);
INSERT INTO MESA_JUEGO (ID_MESA, TIPO_JUEGO, CAPACIDAD, ESTADO, ID_SALA) VALUES (16, 'Baccarat', 10, 'Cerrada', 6);
INSERT INTO MESA_JUEGO (ID_MESA, TIPO_JUEGO, CAPACIDAD, ESTADO, ID_SALA) VALUES (17, 'Texas Hold_em', 7, 'Disponible', 8);
INSERT INTO MESA_JUEGO (ID_MESA, TIPO_JUEGO, CAPACIDAD, ESTADO, ID_SALA) VALUES (18, 'Blackjack', 9, 'Disponible', 9);
INSERT INTO MESA_JUEGO (ID_MESA, TIPO_JUEGO, CAPACIDAD, ESTADO, ID_SALA) VALUES (19, 'Craps', 8, 'Disponible', 1);
INSERT INTO MESA_JUEGO (ID_MESA, TIPO_JUEGO, CAPACIDAD, ESTADO, ID_SALA) VALUES (20, 'Poker', 10, 'Disponible', 2);
INSERT INTO MESA_JUEGO (ID_MESA, TIPO_JUEGO, CAPACIDAD, ESTADO, ID_SALA) VALUES (21, 'Ruleta', 6, 'Mantenimiento', 4);
INSERT INTO MESA_JUEGO (ID_MESA, TIPO_JUEGO, CAPACIDAD, ESTADO, ID_SALA) VALUES (22, 'Baccarat', 8, 'Disponible', 2);
INSERT INTO MESA_JUEGO (ID_MESA, TIPO_JUEGO, CAPACIDAD, ESTADO, ID_SALA) VALUES (23, 'Texas Hold_em', 12, 'Cerrada', 1);
INSERT INTO MESA_JUEGO (ID_MESA, TIPO_JUEGO, CAPACIDAD, ESTADO, ID_SALA) VALUES (24, 'Blackjack', 10, 'Disponible', 7);
INSERT INTO MESA_JUEGO (ID_MESA, TIPO_JUEGO, CAPACIDAD, ESTADO, ID_SALA) VALUES (25, 'Poker', 7, 'Disponible', 6);

INSERT INTO TORNEO (ID_TORNEO, PREMIO, FECHA, DESCRIPCION, GANADOR) VALUES (1, 5000.00, TO_DATE('2024-01-15', 'YYYY-MM-DD'), 'Torneo Anual de Poker', 2);
INSERT INTO TORNEO (ID_TORNEO, PREMIO, FECHA, DESCRIPCION, GANADOR) VALUES (2, 3000.00, TO_DATE('2024-02-10', 'YYYY-MM-DD'), 'Torneo de Blackjack', 4);
INSERT INTO TORNEO (ID_TORNEO, PREMIO, FECHA, DESCRIPCION, GANADOR) VALUES (3, 4500.00, TO_DATE('2024-03-05', 'YYYY-MM-DD'), 'Torneo de Ruleta', 6);
INSERT INTO TORNEO (ID_TORNEO, PREMIO, FECHA, DESCRIPCION, GANADOR) VALUES (4, 6000.00, TO_DATE('2024-04-20', 'YYYY-MM-DD'), 'Campeonato de Baccarat', 8);
INSERT INTO TORNEO (ID_TORNEO, PREMIO, FECHA, DESCRIPCION, GANADOR) VALUES (5, 2000.00, TO_DATE('2024-05-14', 'YYYY-MM-DD'), 'Torneo Nocturno de Poker', 10);
INSERT INTO TORNEO (ID_TORNEO, PREMIO, FECHA, DESCRIPCION, GANADOR) VALUES (6, 1500.00, TO_DATE('2024-06-25', 'YYYY-MM-DD'), 'Mini Torneo de Craps', 12);
INSERT INTO TORNEO (ID_TORNEO, PREMIO, FECHA, DESCRIPCION, GANADOR) VALUES (7, 7000.00, TO_DATE('2024-07-10', 'YYYY-MM-DD'), 'Gran Torneo de Poker', 14);
INSERT INTO TORNEO (ID_TORNEO, PREMIO, FECHA, DESCRIPCION, GANADOR) VALUES (9, 3200.00, TO_DATE('2024-09-05', 'YYYY-MM-DD'), 'Torneo de Verano de Ruleta', 18);
INSERT INTO TORNEO (ID_TORNEO, PREMIO, FECHA, DESCRIPCION, GANADOR) VALUES (10, 500.00, TO_DATE('2024-10-01', 'YYYY-MM-DD'), 'Torneo Rápido de Blackjack', 20);
INSERT INTO TORNEO (ID_TORNEO, PREMIO, FECHA, DESCRIPCION, GANADOR) VALUES (11, 8000.00, TO_DATE('2024-11-12', 'YYYY-MM-DD'), 'Super Torneo de Poker', 22);
INSERT INTO TORNEO (ID_TORNEO, PREMIO, FECHA, DESCRIPCION, GANADOR) VALUES (12, 1000.00, TO_DATE('2024-12-01', 'YYYY-MM-DD'), 'Torneo Mensual de Poker', 24);
INSERT INTO TORNEO (ID_TORNEO, PREMIO, FECHA, DESCRIPCION, GANADOR) VALUES (13, 5500.00, TO_DATE('2025-01-20', 'YYYY-MM-DD'), 'Campeonato Nacional de Blackjack', 26);
INSERT INTO TORNEO (ID_TORNEO, PREMIO, FECHA, DESCRIPCION, GANADOR) VALUES (14, 3500.00, TO_DATE('2025-02-10', 'YYYY-MM-DD'), 'Torneo de Poker para Novatos', 28);
INSERT INTO TORNEO (ID_TORNEO, PREMIO, FECHA, DESCRIPCION, GANADOR) VALUES (15, 2500.00, TO_DATE('2025-03-25', 'YYYY-MM-DD'), 'Torneo de Ruleta Clásica', 30);
INSERT INTO TORNEO (ID_TORNEO, PREMIO, FECHA, DESCRIPCION, GANADOR) VALUES (16, 400.00, TO_DATE('2025-04-05', 'YYYY-MM-DD'), 'Mini Torneo de Blackjack', 32);
INSERT INTO TORNEO (ID_TORNEO, PREMIO, FECHA, DESCRIPCION, GANADOR) VALUES (17, 6500.00, TO_DATE('2025-05-10', 'YYYY-MM-DD'), 'Campeonato Internacional de Poker', 34);
INSERT INTO TORNEO (ID_TORNEO, PREMIO, FECHA, DESCRIPCION, GANADOR) VALUES (18, 600.00, TO_DATE('2025-06-15', 'YYYY-MM-DD'), 'Torneo Express de Blackjack', 2);
INSERT INTO TORNEO (ID_TORNEO, PREMIO, FECHA, DESCRIPCION, GANADOR) VALUES (19, 5000.00, TO_DATE('2025-07-22', 'YYYY-MM-DD'), 'Torneo de Poker Doble Eliminación', 4);
INSERT INTO TORNEO (ID_TORNEO, PREMIO, FECHA, DESCRIPCION, GANADOR) VALUES (20, 1200.00, TO_DATE('2025-08-10', 'YYYY-MM-DD'), 'Torneo de Poker en Parejas', 6);

INSERT INTO RONDA_TORNEO (ID_TORNEO, RONDA_TORNEO, FECHA_RONDA, DESCRIPCION_RONDA) VALUES (1, 1, TO_DATE('2024-01-15', 'YYYY-MM-DD'), 'Ronda Inicial');
INSERT INTO RONDA_TORNEO (ID_TORNEO, RONDA_TORNEO, FECHA_RONDA, DESCRIPCION_RONDA) VALUES (1, 2, TO_DATE('2024-01-16', 'YYYY-MM-DD'), 'Semifinales');
INSERT INTO RONDA_TORNEO (ID_TORNEO, RONDA_TORNEO, FECHA_RONDA, DESCRIPCION_RONDA) VALUES (1, 3, TO_DATE('2024-01-17', 'YYYY-MM-DD'), 'Final');
INSERT INTO RONDA_TORNEO (ID_TORNEO, RONDA_TORNEO, FECHA_RONDA, DESCRIPCION_RONDA) VALUES (2, 1, TO_DATE('2024-02-10', 'YYYY-MM-DD'), 'Ronda de Clasificación');
INSERT INTO RONDA_TORNEO (ID_TORNEO, RONDA_TORNEO, FECHA_RONDA, DESCRIPCION_RONDA) VALUES (2, 2, TO_DATE('2024-02-11', 'YYYY-MM-DD'), 'Ronda Final');
INSERT INTO RONDA_TORNEO (ID_TORNEO, RONDA_TORNEO, FECHA_RONDA, DESCRIPCION_RONDA) VALUES (3, 1, TO_DATE('2024-03-05', 'YYYY-MM-DD'), 'Ronda de Apertura');
INSERT INTO RONDA_TORNEO (ID_TORNEO, RONDA_TORNEO, FECHA_RONDA, DESCRIPCION_RONDA) VALUES (3, 2, TO_DATE('2024-03-06', 'YYYY-MM-DD'), 'Ronda Semifinal');
INSERT INTO RONDA_TORNEO (ID_TORNEO, RONDA_TORNEO, FECHA_RONDA, DESCRIPCION_RONDA) VALUES (3, 3, TO_DATE('2024-03-07', 'YYYY-MM-DD'), 'Ronda Final');
INSERT INTO RONDA_TORNEO (ID_TORNEO, RONDA_TORNEO, FECHA_RONDA, DESCRIPCION_RONDA) VALUES (4, 1, TO_DATE('2024-04-20', 'YYYY-MM-DD'), 'Fase Preliminar');
INSERT INTO RONDA_TORNEO (ID_TORNEO, RONDA_TORNEO, FECHA_RONDA, DESCRIPCION_RONDA) VALUES (4, 2, TO_DATE('2024-04-21', 'YYYY-MM-DD'), 'Fase Final');
INSERT INTO RONDA_TORNEO (ID_TORNEO, RONDA_TORNEO, FECHA_RONDA, DESCRIPCION_RONDA) VALUES (5, 1, TO_DATE('2024-05-14', 'YYYY-MM-DD'), 'Primera Ronda');
INSERT INTO RONDA_TORNEO (ID_TORNEO, RONDA_TORNEO, FECHA_RONDA, DESCRIPCION_RONDA) VALUES (5, 2, TO_DATE('2024-05-15', 'YYYY-MM-DD'), 'Final Nocturna');
INSERT INTO RONDA_TORNEO (ID_TORNEO, RONDA_TORNEO, FECHA_RONDA, DESCRIPCION_RONDA) VALUES (6, 1, TO_DATE('2024-06-25', 'YYYY-MM-DD'), 'Ronda Única');
INSERT INTO RONDA_TORNEO (ID_TORNEO, RONDA_TORNEO, FECHA_RONDA, DESCRIPCION_RONDA) VALUES (7, 1, TO_DATE('2024-07-10', 'YYYY-MM-DD'), 'Ronda Clasificatoria');
INSERT INTO RONDA_TORNEO (ID_TORNEO, RONDA_TORNEO, FECHA_RONDA, DESCRIPCION_RONDA) VALUES (7, 2, TO_DATE('2024-07-11', 'YYYY-MM-DD'), 'Ronda Semifinal');
INSERT INTO RONDA_TORNEO (ID_TORNEO, RONDA_TORNEO, FECHA_RONDA, DESCRIPCION_RONDA) VALUES (7, 3, TO_DATE('2024-07-12', 'YYYY-MM-DD'), 'Ronda Final');
INSERT INTO RONDA_TORNEO (ID_TORNEO, RONDA_TORNEO, FECHA_RONDA, DESCRIPCION_RONDA) VALUES (9, 1, TO_DATE('2024-09-05', 'YYYY-MM-DD'), 'Ronda Inicial');
INSERT INTO RONDA_TORNEO (ID_TORNEO, RONDA_TORNEO, FECHA_RONDA, DESCRIPCION_RONDA) VALUES (9, 2, TO_DATE('2024-09-06', 'YYYY-MM-DD'), 'Ronda Final');
INSERT INTO RONDA_TORNEO (ID_TORNEO, RONDA_TORNEO, FECHA_RONDA, DESCRIPCION_RONDA) VALUES (10, 1, TO_DATE('2024-10-01', 'YYYY-MM-DD'), 'Ronda Única');
INSERT INTO RONDA_TORNEO (ID_TORNEO, RONDA_TORNEO, FECHA_RONDA, DESCRIPCION_RONDA) VALUES (11, 1, TO_DATE('2024-11-12', 'YYYY-MM-DD'), 'Cuartos de Final');
INSERT INTO RONDA_TORNEO (ID_TORNEO, RONDA_TORNEO, FECHA_RONDA, DESCRIPCION_RONDA) VALUES (11, 2, TO_DATE('2024-11-13', 'YYYY-MM-DD'), 'Semifinales');
INSERT INTO RONDA_TORNEO (ID_TORNEO, RONDA_TORNEO, FECHA_RONDA, DESCRIPCION_RONDA) VALUES (11, 3, TO_DATE('2024-11-14', 'YYYY-MM-DD'), 'Gran Final');
INSERT INTO RONDA_TORNEO (ID_TORNEO, RONDA_TORNEO, FECHA_RONDA, DESCRIPCION_RONDA) VALUES (12, 1, TO_DATE('2024-12-01', 'YYYY-MM-DD'), 'Ronda de Clasificación');
INSERT INTO RONDA_TORNEO (ID_TORNEO, RONDA_TORNEO, FECHA_RONDA, DESCRIPCION_RONDA) VALUES (13, 1, TO_DATE('2025-01-20', 'YYYY-MM-DD'), 'Primera Ronda');
INSERT INTO RONDA_TORNEO (ID_TORNEO, RONDA_TORNEO, FECHA_RONDA, DESCRIPCION_RONDA) VALUES (13, 2, TO_DATE('2025-01-21', 'YYYY-MM-DD'), 'Ronda Final');
INSERT INTO RONDA_TORNEO (ID_TORNEO, RONDA_TORNEO, FECHA_RONDA, DESCRIPCION_RONDA) VALUES (14, 1, TO_DATE('2025-02-10', 'YYYY-MM-DD'), 'Ronda para Novatos');
INSERT INTO RONDA_TORNEO (ID_TORNEO, RONDA_TORNEO, FECHA_RONDA, DESCRIPCION_RONDA) VALUES (14, 2, TO_DATE('2025-02-11', 'YYYY-MM-DD'), 'Ronda Final');
INSERT INTO RONDA_TORNEO (ID_TORNEO, RONDA_TORNEO, FECHA_RONDA, DESCRIPCION_RONDA) VALUES (15, 1, TO_DATE('2025-03-25', 'YYYY-MM-DD'), 'Ronda Inicial');
INSERT INTO RONDA_TORNEO (ID_TORNEO, RONDA_TORNEO, FECHA_RONDA, DESCRIPCION_RONDA) VALUES (15, 2, TO_DATE('2025-03-26', 'YYYY-MM-DD'), 'Ronda de Eliminación');
INSERT INTO RONDA_TORNEO (ID_TORNEO, RONDA_TORNEO, FECHA_RONDA, DESCRIPCION_RONDA) VALUES (16, 1, TO_DATE('2025-04-05', 'YYYY-MM-DD'), 'Ronda Única');
INSERT INTO RONDA_TORNEO (ID_TORNEO, RONDA_TORNEO, FECHA_RONDA, DESCRIPCION_RONDA) VALUES (17, 1, TO_DATE('2025-05-10', 'YYYY-MM-DD'), 'Ronda Clasificatoria');
INSERT INTO RONDA_TORNEO (ID_TORNEO, RONDA_TORNEO, FECHA_RONDA, DESCRIPCION_RONDA) VALUES (17, 2, TO_DATE('2025-05-11', 'YYYY-MM-DD'), 'Ronda Semifinal');
INSERT INTO RONDA_TORNEO (ID_TORNEO, RONDA_TORNEO, FECHA_RONDA, DESCRIPCION_RONDA) VALUES (17, 3, TO_DATE('2025-05-12', 'YYYY-MM-DD'), 'Ronda Internacional Final');
INSERT INTO RONDA_TORNEO (ID_TORNEO, RONDA_TORNEO, FECHA_RONDA, DESCRIPCION_RONDA) VALUES (18, 1, TO_DATE('2025-06-15', 'YYYY-MM-DD'), 'Ronda Express');
INSERT INTO RONDA_TORNEO (ID_TORNEO, RONDA_TORNEO, FECHA_RONDA, DESCRIPCION_RONDA) VALUES (19, 1, TO_DATE('2025-07-22', 'YYYY-MM-DD'), 'Primera Eliminación');
INSERT INTO RONDA_TORNEO (ID_TORNEO, RONDA_TORNEO, FECHA_RONDA, DESCRIPCION_RONDA) VALUES (19, 2, TO_DATE('2025-07-23', 'YYYY-MM-DD'), 'Segunda Eliminación');
INSERT INTO RONDA_TORNEO (ID_TORNEO, RONDA_TORNEO, FECHA_RONDA, DESCRIPCION_RONDA) VALUES (20, 1, TO_DATE('2025-08-10', 'YYYY-MM-DD'), 'Primera Ronda en Parejas');
INSERT INTO RONDA_TORNEO (ID_TORNEO, RONDA_TORNEO, FECHA_RONDA, DESCRIPCION_RONDA) VALUES (20, 2, TO_DATE('2025-08-11', 'YYYY-MM-DD'), 'Ronda Final en Parejas');

INSERT INTO CASINO_ORGANIZA_TORNEO (ID_CASINO, ID_TORNEO) VALUES (1, 1);
INSERT INTO CASINO_ORGANIZA_TORNEO (ID_CASINO, ID_TORNEO) VALUES (1, 2);
INSERT INTO CASINO_ORGANIZA_TORNEO (ID_CASINO, ID_TORNEO) VALUES (2, 3);
INSERT INTO CASINO_ORGANIZA_TORNEO (ID_CASINO, ID_TORNEO) VALUES (2, 4);
INSERT INTO CASINO_ORGANIZA_TORNEO (ID_CASINO, ID_TORNEO) VALUES (3, 5);
INSERT INTO CASINO_ORGANIZA_TORNEO (ID_CASINO, ID_TORNEO) VALUES (3, 6);
INSERT INTO CASINO_ORGANIZA_TORNEO (ID_CASINO, ID_TORNEO) VALUES (4, 7);
INSERT INTO CASINO_ORGANIZA_TORNEO (ID_CASINO, ID_TORNEO) VALUES (5, 9);
INSERT INTO CASINO_ORGANIZA_TORNEO (ID_CASINO, ID_TORNEO) VALUES (5, 10);
INSERT INTO CASINO_ORGANIZA_TORNEO (ID_CASINO, ID_TORNEO) VALUES (6, 11);
INSERT INTO CASINO_ORGANIZA_TORNEO (ID_CASINO, ID_TORNEO) VALUES (6, 12);
INSERT INTO CASINO_ORGANIZA_TORNEO (ID_CASINO, ID_TORNEO) VALUES (1, 13);
INSERT INTO CASINO_ORGANIZA_TORNEO (ID_CASINO, ID_TORNEO) VALUES (2, 14);
INSERT INTO CASINO_ORGANIZA_TORNEO (ID_CASINO, ID_TORNEO) VALUES (3, 15);
INSERT INTO CASINO_ORGANIZA_TORNEO (ID_CASINO, ID_TORNEO) VALUES (4, 16);
INSERT INTO CASINO_ORGANIZA_TORNEO (ID_CASINO, ID_TORNEO) VALUES (5, 17);
INSERT INTO CASINO_ORGANIZA_TORNEO (ID_CASINO, ID_TORNEO) VALUES (6, 18);
INSERT INTO CASINO_ORGANIZA_TORNEO (ID_CASINO, ID_TORNEO) VALUES (1, 19);
INSERT INTO CASINO_ORGANIZA_TORNEO (ID_CASINO, ID_TORNEO) VALUES (2, 20);
INSERT INTO CASINO_ORGANIZA_TORNEO (ID_CASINO, ID_TORNEO) VALUES (3, 1);
INSERT INTO CASINO_ORGANIZA_TORNEO (ID_CASINO, ID_TORNEO) VALUES (4, 2);
INSERT INTO CASINO_ORGANIZA_TORNEO (ID_CASINO, ID_TORNEO) VALUES (1, 6);
INSERT INTO CASINO_ORGANIZA_TORNEO (ID_CASINO, ID_TORNEO) VALUES (3, 10);
INSERT INTO CASINO_ORGANIZA_TORNEO (ID_CASINO, ID_TORNEO) VALUES (4, 12);
INSERT INTO CASINO_ORGANIZA_TORNEO (ID_CASINO, ID_TORNEO) VALUES (5, 14);
INSERT INTO CASINO_ORGANIZA_TORNEO (ID_CASINO, ID_TORNEO) VALUES (6, 16);
INSERT INTO CASINO_ORGANIZA_TORNEO (ID_CASINO, ID_TORNEO) VALUES (1, 18);
INSERT INTO CASINO_ORGANIZA_TORNEO (ID_CASINO, ID_TORNEO) VALUES (3, 7);
INSERT INTO CASINO_ORGANIZA_TORNEO (ID_CASINO, ID_TORNEO) VALUES (4, 9);
INSERT INTO CASINO_ORGANIZA_TORNEO (ID_CASINO, ID_TORNEO) VALUES (5, 3);
INSERT INTO CASINO_ORGANIZA_TORNEO (ID_CASINO, ID_TORNEO) VALUES (6, 4);
INSERT INTO CASINO_ORGANIZA_TORNEO (ID_CASINO, ID_TORNEO) VALUES (1, 5);

INSERT INTO VIP_PARTICIPA_TORNEO (ID_TORNEO, ID_CLIENTE) VALUES (1, 2);
INSERT INTO VIP_PARTICIPA_TORNEO (ID_TORNEO, ID_CLIENTE) VALUES (1, 4);
INSERT INTO VIP_PARTICIPA_TORNEO (ID_TORNEO, ID_CLIENTE) VALUES (2, 6);
INSERT INTO VIP_PARTICIPA_TORNEO (ID_TORNEO, ID_CLIENTE) VALUES (3, 10);
INSERT INTO VIP_PARTICIPA_TORNEO (ID_TORNEO, ID_CLIENTE) VALUES (3, 12);
INSERT INTO VIP_PARTICIPA_TORNEO (ID_TORNEO, ID_CLIENTE) VALUES (4, 14);
INSERT INTO VIP_PARTICIPA_TORNEO (ID_TORNEO, ID_CLIENTE) VALUES (5, 18);
INSERT INTO VIP_PARTICIPA_TORNEO (ID_TORNEO, ID_CLIENTE) VALUES (5, 20);
INSERT INTO VIP_PARTICIPA_TORNEO (ID_TORNEO, ID_CLIENTE) VALUES (6, 22);
INSERT INTO VIP_PARTICIPA_TORNEO (ID_TORNEO, ID_CLIENTE) VALUES (6, 24);
INSERT INTO VIP_PARTICIPA_TORNEO (ID_TORNEO, ID_CLIENTE) VALUES (7, 26);
INSERT INTO VIP_PARTICIPA_TORNEO (ID_TORNEO, ID_CLIENTE) VALUES (7, 28);
INSERT INTO VIP_PARTICIPA_TORNEO (ID_TORNEO, ID_CLIENTE) VALUES (9, 34);
INSERT INTO VIP_PARTICIPA_TORNEO (ID_TORNEO, ID_CLIENTE) VALUES (10, 2);
INSERT INTO VIP_PARTICIPA_TORNEO (ID_TORNEO, ID_CLIENTE) VALUES (11, 4);
INSERT INTO VIP_PARTICIPA_TORNEO (ID_TORNEO, ID_CLIENTE) VALUES (12, 6);
INSERT INTO VIP_PARTICIPA_TORNEO (ID_TORNEO, ID_CLIENTE) VALUES (13, 8);
INSERT INTO VIP_PARTICIPA_TORNEO (ID_TORNEO, ID_CLIENTE) VALUES (14, 10);
INSERT INTO VIP_PARTICIPA_TORNEO (ID_TORNEO, ID_CLIENTE) VALUES (15, 12);
INSERT INTO VIP_PARTICIPA_TORNEO (ID_TORNEO, ID_CLIENTE) VALUES (16, 14);

INSERT INTO MAQUINA_APUESTA (NUMERO_SERIE, ID_SALA) VALUES ('MAQ000001', 1);
INSERT INTO MAQUINA_APUESTA (NUMERO_SERIE, ID_SALA) VALUES ('MAQ000002', 2);
INSERT INTO MAQUINA_APUESTA (NUMERO_SERIE, ID_SALA) VALUES ('MAQ000003', 3);
INSERT INTO MAQUINA_APUESTA (NUMERO_SERIE, ID_SALA) VALUES ('MAQ000004', 4);
INSERT INTO MAQUINA_APUESTA (NUMERO_SERIE, ID_SALA) VALUES ('MAQ000005', 5);
INSERT INTO MAQUINA_APUESTA (NUMERO_SERIE, ID_SALA) VALUES ('MAQ000006', 6);
INSERT INTO MAQUINA_APUESTA (NUMERO_SERIE, ID_SALA) VALUES ('MAQ000007', 7);
INSERT INTO MAQUINA_APUESTA (NUMERO_SERIE, ID_SALA) VALUES ('MAQ000008', 8);
INSERT INTO MAQUINA_APUESTA (NUMERO_SERIE, ID_SALA) VALUES ('MAQ000009', 9);
INSERT INTO MAQUINA_APUESTA (NUMERO_SERIE, ID_SALA) VALUES ('MAQ000010', 10);
INSERT INTO MAQUINA_APUESTA (NUMERO_SERIE, ID_SALA) VALUES ('MAQ000011', 11);
INSERT INTO MAQUINA_APUESTA (NUMERO_SERIE, ID_SALA) VALUES ('MAQ000012', 12);
INSERT INTO MAQUINA_APUESTA (NUMERO_SERIE, ID_SALA) VALUES ('MAQ000013', 13);
INSERT INTO MAQUINA_APUESTA (NUMERO_SERIE, ID_SALA) VALUES ('MAQ000014', 14);
INSERT INTO MAQUINA_APUESTA (NUMERO_SERIE, ID_SALA) VALUES ('MAQ000015', 15);
INSERT INTO MAQUINA_APUESTA (NUMERO_SERIE, ID_SALA) VALUES ('MAQ000016', 16);
INSERT INTO MAQUINA_APUESTA (NUMERO_SERIE, ID_SALA) VALUES ('MAQ000017', 17);
INSERT INTO MAQUINA_APUESTA (NUMERO_SERIE, ID_SALA) VALUES ('MAQ000018', 18);
INSERT INTO MAQUINA_APUESTA (NUMERO_SERIE, ID_SALA) VALUES ('MAQ000019', 19);
INSERT INTO MAQUINA_APUESTA (NUMERO_SERIE, ID_SALA) VALUES ('MAQ000020', 20);
INSERT INTO MAQUINA_APUESTA (NUMERO_SERIE, ID_SALA) VALUES ('MAQ000021', 21);
INSERT INTO MAQUINA_APUESTA (NUMERO_SERIE, ID_SALA) VALUES ('MAQ000022', 22);
INSERT INTO MAQUINA_APUESTA (NUMERO_SERIE, ID_SALA) VALUES ('MAQ000023', 23);
INSERT INTO MAQUINA_APUESTA (NUMERO_SERIE, ID_SALA) VALUES ('MAQ000024', 24);
INSERT INTO MAQUINA_APUESTA (NUMERO_SERIE, ID_SALA) VALUES ('MAQ000025', 25);
INSERT INTO MAQUINA_APUESTA (NUMERO_SERIE, ID_SALA) VALUES ('MAQ000026', 26);
INSERT INTO MAQUINA_APUESTA (NUMERO_SERIE, ID_SALA) VALUES ('MAQ000027', 27);
INSERT INTO MAQUINA_APUESTA (NUMERO_SERIE, ID_SALA) VALUES ('MAQ000028', 28);
INSERT INTO MAQUINA_APUESTA (NUMERO_SERIE, ID_SALA) VALUES ('MAQ000029', 29);
INSERT INTO MAQUINA_APUESTA (NUMERO_SERIE, ID_SALA) VALUES ('MAQ000030', 30);

INSERT INTO MAQUINA_DEPORTIVA (DEPORTE, TIPO_APUESTA, NUM_SERIE) VALUES ('Fútbol', 'Goleador', 'MAQ000001');
INSERT INTO MAQUINA_DEPORTIVA (DEPORTE, TIPO_APUESTA, NUM_SERIE) VALUES ('Baloncesto', 'Puntos', 'MAQ000002');
INSERT INTO MAQUINA_DEPORTIVA (DEPORTE, TIPO_APUESTA, NUM_SERIE) VALUES ('Tennis', 'Ganador', 'MAQ000003');
INSERT INTO MAQUINA_DEPORTIVA (DEPORTE, TIPO_APUESTA, NUM_SERIE) VALUES ('Fútbol', 'Resultado', 'MAQ000004');
INSERT INTO MAQUINA_DEPORTIVA (DEPORTE, TIPO_APUESTA, NUM_SERIE) VALUES ('Boxeo', 'Ronda', 'MAQ000005');
INSERT INTO MAQUINA_DEPORTIVA (DEPORTE, TIPO_APUESTA, NUM_SERIE) VALUES ('Fútbol', 'Total Goles', 'MAQ000006');
INSERT INTO MAQUINA_DEPORTIVA (DEPORTE, TIPO_APUESTA, NUM_SERIE) VALUES ('Tennis', 'Sets', 'MAQ000007');
INSERT INTO MAQUINA_DEPORTIVA (DEPORTE, TIPO_APUESTA, NUM_SERIE) VALUES ('Baloncesto', 'MVP', 'MAQ000008');
INSERT INTO MAQUINA_DEPORTIVA (DEPORTE, TIPO_APUESTA, NUM_SERIE) VALUES ('Cricket', 'Wickets', 'MAQ000009');
INSERT INTO MAQUINA_DEPORTIVA (DEPORTE, TIPO_APUESTA, NUM_SERIE) VALUES ('Rugby', 'Puntos', 'MAQ000010');

INSERT INTO RULETA (APUESTA_MIN, APUESTA_MAX, NUM_SERIE) VALUES (5, 100, 'MAQ000011');
INSERT INTO RULETA (APUESTA_MIN, APUESTA_MAX, NUM_SERIE) VALUES (10, 200, 'MAQ000012');
INSERT INTO RULETA (APUESTA_MIN, APUESTA_MAX, NUM_SERIE) VALUES (15, 250, 'MAQ000013');
INSERT INTO RULETA (APUESTA_MIN, APUESTA_MAX, NUM_SERIE) VALUES (20, 300, 'MAQ000014');
INSERT INTO RULETA (APUESTA_MIN, APUESTA_MAX, NUM_SERIE) VALUES (5, 150, 'MAQ000015');
INSERT INTO RULETA (APUESTA_MIN, APUESTA_MAX, NUM_SERIE) VALUES (25, 500, 'MAQ000016');
INSERT INTO RULETA (APUESTA_MIN, APUESTA_MAX, NUM_SERIE) VALUES (10, 100, 'MAQ000017');
INSERT INTO RULETA (APUESTA_MIN, APUESTA_MAX, NUM_SERIE) VALUES (50, 1000, 'MAQ000018');
INSERT INTO RULETA (APUESTA_MIN, APUESTA_MAX, NUM_SERIE) VALUES (30, 400, 'MAQ000019');
INSERT INTO RULETA (APUESTA_MIN, APUESTA_MAX, NUM_SERIE) VALUES (10, 210, 'MAQ000020');

INSERT INTO CLIENTE_JUEGA_MAQUINA (NUMERO_SERIE, ID_CLIENTE, DINERO) VALUES ('MAQ000001', 2, 50.00);
INSERT INTO CLIENTE_JUEGA_MAQUINA (NUMERO_SERIE, ID_CLIENTE, DINERO) VALUES ('MAQ000002', 4, 30.75);
INSERT INTO CLIENTE_JUEGA_MAQUINA (NUMERO_SERIE, ID_CLIENTE, DINERO) VALUES ('MAQ000003', 6, 45.50);
INSERT INTO CLIENTE_JUEGA_MAQUINA (NUMERO_SERIE, ID_CLIENTE, DINERO) VALUES ('MAQ000004', 8, 20.00);
INSERT INTO CLIENTE_JUEGA_MAQUINA (NUMERO_SERIE, ID_CLIENTE, DINERO) VALUES ('MAQ000005', 10, 100.00);
INSERT INTO CLIENTE_JUEGA_MAQUINA (NUMERO_SERIE, ID_CLIENTE, DINERO) VALUES ('MAQ000006', 12, 60.25);
INSERT INTO CLIENTE_JUEGA_MAQUINA (NUMERO_SERIE, ID_CLIENTE, DINERO) VALUES ('MAQ000007', 14, 35.00);
INSERT INTO CLIENTE_JUEGA_MAQUINA (NUMERO_SERIE, ID_CLIENTE, DINERO) VALUES ('MAQ000009', 18, 25.00);
INSERT INTO CLIENTE_JUEGA_MAQUINA (NUMERO_SERIE, ID_CLIENTE, DINERO) VALUES ('MAQ000010', 20, 90.00);
INSERT INTO CLIENTE_JUEGA_MAQUINA (NUMERO_SERIE, ID_CLIENTE, DINERO) VALUES ('MAQ000011', 22, 40.75);
INSERT INTO CLIENTE_JUEGA_MAQUINA (NUMERO_SERIE, ID_CLIENTE, DINERO) VALUES ('MAQ000012', 24, 80.00);
INSERT INTO CLIENTE_JUEGA_MAQUINA (NUMERO_SERIE, ID_CLIENTE, DINERO) VALUES ('MAQ000013', 26, 55.50);
INSERT INTO CLIENTE_JUEGA_MAQUINA (NUMERO_SERIE, ID_CLIENTE, DINERO) VALUES ('MAQ000014', 28, 100.00);
INSERT INTO CLIENTE_JUEGA_MAQUINA (NUMERO_SERIE, ID_CLIENTE, DINERO) VALUES ('MAQ000015', 30, 70.25);
INSERT INTO CLIENTE_JUEGA_MAQUINA (NUMERO_SERIE, ID_CLIENTE, DINERO) VALUES ('MAQ000001', 12, 25.00);
INSERT INTO CLIENTE_JUEGA_MAQUINA (NUMERO_SERIE, ID_CLIENTE, DINERO) VALUES ('MAQ000003', 18, 40.00);
INSERT INTO CLIENTE_JUEGA_MAQUINA (NUMERO_SERIE, ID_CLIENTE, DINERO) VALUES ('MAQ000005', 24, 90.75);
INSERT INTO CLIENTE_JUEGA_MAQUINA (NUMERO_SERIE, ID_CLIENTE, DINERO) VALUES ('MAQ000007', 2, 55.00);
INSERT INTO CLIENTE_JUEGA_MAQUINA (NUMERO_SERIE, ID_CLIENTE, DINERO) VALUES ('MAQ000009', 8, 65.50);
INSERT INTO CLIENTE_JUEGA_MAQUINA (NUMERO_SERIE, ID_CLIENTE, DINERO) VALUES ('MAQ000011', 10, 30.25);
INSERT INTO CLIENTE_JUEGA_MAQUINA (NUMERO_SERIE, ID_CLIENTE, DINERO) VALUES ('MAQ000013', 6, 80.00);
INSERT INTO CLIENTE_JUEGA_MAQUINA (NUMERO_SERIE, ID_CLIENTE, DINERO) VALUES ('MAQ000015', 4, 20.00);
INSERT INTO CLIENTE_JUEGA_MAQUINA (NUMERO_SERIE, ID_CLIENTE, DINERO) VALUES ('MAQ000002', 26, 35.75);
INSERT INTO CLIENTE_JUEGA_MAQUINA (NUMERO_SERIE, ID_CLIENTE, DINERO) VALUES ('MAQ000004', 20, 50.00);
INSERT INTO CLIENTE_JUEGA_MAQUINA (NUMERO_SERIE, ID_CLIENTE, DINERO) VALUES ('MAQ000006', 30, 70.25);
INSERT INTO CLIENTE_JUEGA_MAQUINA (NUMERO_SERIE, ID_CLIENTE, DINERO) VALUES ('MAQ000010', 22, 85.50);
INSERT INTO CLIENTE_JUEGA_MAQUINA (NUMERO_SERIE, ID_CLIENTE, DINERO) VALUES ('MAQ000012', 14, 60.00);
INSERT INTO CLIENTE_JUEGA_MAQUINA (NUMERO_SERIE, ID_CLIENTE, DINERO) VALUES ('MAQ000014', 18, 100.00);
INSERT INTO CLIENTE_JUEGA_MAQUINA (NUMERO_SERIE, ID_CLIENTE, DINERO) VALUES ('MAQ000016', 28, 25.75);
INSERT INTO CLIENTE_JUEGA_MAQUINA (NUMERO_SERIE, ID_CLIENTE, DINERO) VALUES ('MAQ000018', 2, 90.00);
INSERT INTO CLIENTE_JUEGA_MAQUINA (NUMERO_SERIE, ID_CLIENTE, DINERO) VALUES ('MAQ000020', 8, 55.00);
INSERT INTO CLIENTE_JUEGA_MAQUINA (NUMERO_SERIE, ID_CLIENTE, DINERO) VALUES ('MAQ000022', 10, 75.50);
INSERT INTO CLIENTE_JUEGA_MAQUINA (NUMERO_SERIE, ID_CLIENTE, DINERO) VALUES ('MAQ000024', 12, 40.00);

INSERT INTO CASINO_TIENE_CLIENTE (ID_CASINO, ID_CLIENTE) VALUES (1, 2);
INSERT INTO CASINO_TIENE_CLIENTE (ID_CASINO, ID_CLIENTE) VALUES (1, 4);
INSERT INTO CASINO_TIENE_CLIENTE (ID_CASINO, ID_CLIENTE) VALUES (1, 6);
INSERT INTO CASINO_TIENE_CLIENTE (ID_CASINO, ID_CLIENTE) VALUES (2, 8);
INSERT INTO CASINO_TIENE_CLIENTE (ID_CASINO, ID_CLIENTE) VALUES (2, 10);
INSERT INTO CASINO_TIENE_CLIENTE (ID_CASINO, ID_CLIENTE) VALUES (2, 12);
INSERT INTO CASINO_TIENE_CLIENTE (ID_CASINO, ID_CLIENTE) VALUES (3, 14);
INSERT INTO CASINO_TIENE_CLIENTE (ID_CASINO, ID_CLIENTE) VALUES (3, 18);
INSERT INTO CASINO_TIENE_CLIENTE (ID_CASINO, ID_CLIENTE) VALUES (4, 20);
INSERT INTO CASINO_TIENE_CLIENTE (ID_CASINO, ID_CLIENTE) VALUES (4, 22);
INSERT INTO CASINO_TIENE_CLIENTE (ID_CASINO, ID_CLIENTE) VALUES (4, 24);
INSERT INTO CASINO_TIENE_CLIENTE (ID_CASINO, ID_CLIENTE) VALUES (5, 26);
INSERT INTO CASINO_TIENE_CLIENTE (ID_CASINO, ID_CLIENTE) VALUES (5, 28);
INSERT INTO CASINO_TIENE_CLIENTE (ID_CASINO, ID_CLIENTE) VALUES (5, 30);
INSERT INTO CASINO_TIENE_CLIENTE (ID_CASINO, ID_CLIENTE) VALUES (6, 32);
INSERT INTO CASINO_TIENE_CLIENTE (ID_CASINO, ID_CLIENTE) VALUES (6, 34);
INSERT INTO CASINO_TIENE_CLIENTE (ID_CASINO, ID_CLIENTE) VALUES (6, 1);
INSERT INTO CASINO_TIENE_CLIENTE (ID_CASINO, ID_CLIENTE) VALUES (1, 3);
INSERT INTO CASINO_TIENE_CLIENTE (ID_CASINO, ID_CLIENTE) VALUES (1, 5);
INSERT INTO CASINO_TIENE_CLIENTE (ID_CASINO, ID_CLIENTE) VALUES (2, 7);
INSERT INTO CASINO_TIENE_CLIENTE (ID_CASINO, ID_CLIENTE) VALUES (2, 9);
INSERT INTO CASINO_TIENE_CLIENTE (ID_CASINO, ID_CLIENTE) VALUES (3, 11);
INSERT INTO CASINO_TIENE_CLIENTE (ID_CASINO, ID_CLIENTE) VALUES (3, 13);
INSERT INTO CASINO_TIENE_CLIENTE (ID_CASINO, ID_CLIENTE) VALUES (4, 15);
INSERT INTO CASINO_TIENE_CLIENTE (ID_CASINO, ID_CLIENTE) VALUES (4, 17);
INSERT INTO CASINO_TIENE_CLIENTE (ID_CASINO, ID_CLIENTE) VALUES (5, 19);
INSERT INTO CASINO_TIENE_CLIENTE (ID_CASINO, ID_CLIENTE) VALUES (5, 21);
INSERT INTO CASINO_TIENE_CLIENTE (ID_CASINO, ID_CLIENTE) VALUES (6, 23);
INSERT INTO CASINO_TIENE_CLIENTE (ID_CASINO, ID_CLIENTE) VALUES (6, 25);
INSERT INTO CASINO_TIENE_CLIENTE (ID_CASINO, ID_CLIENTE) VALUES (1, 27);
INSERT INTO CASINO_TIENE_CLIENTE (ID_CASINO, ID_CLIENTE) VALUES (2, 29);
INSERT INTO CASINO_TIENE_CLIENTE (ID_CASINO, ID_CLIENTE) VALUES (3, 31);
INSERT INTO CASINO_TIENE_CLIENTE (ID_CASINO, ID_CLIENTE) VALUES (4, 33);
INSERT INTO CASINO_TIENE_CLIENTE (ID_CASINO, ID_CLIENTE) VALUES (5, 35);
INSERT INTO CASINO_TIENE_CLIENTE (ID_CASINO, ID_CLIENTE) VALUES (1, 8);
INSERT INTO CASINO_TIENE_CLIENTE (ID_CASINO, ID_CLIENTE) VALUES (3, 12);
INSERT INTO CASINO_TIENE_CLIENTE (ID_CASINO, ID_CLIENTE) VALUES (4, 14);

INSERT INTO SEGURATA_SUBCONTRATADO (CERT_SEG, NOMBRE, TURNO, DNI) VALUES ('Certificación Seguridad Básica', 'Enrique Montes', 'Día', '11112222P');
INSERT INTO SEGURATA_SUBCONTRATADO (CERT_SEG, NOMBRE, TURNO, DNI) VALUES ('Certificación Avanzada', 'Tomás Alonso', 'Noche', '22223333Q');
INSERT INTO SEGURATA_SUBCONTRATADO (CERT_SEG, NOMBRE, TURNO, DNI) VALUES ('Certificación Alta Seguridad', 'Beatriz Martín', 'Día', '33334444R');
INSERT INTO SEGURATA_SUBCONTRATADO (CERT_SEG, NOMBRE, TURNO, DNI) VALUES ('Certificación Vigilancia VIP', 'Hugo Pérez', 'Noche', '44445555S');
INSERT INTO SEGURATA_SUBCONTRATADO (CERT_SEG, NOMBRE, TURNO, DNI) VALUES ('Certificación Operaciones', 'Valeria López', 'Día', '55556666T');
INSERT INTO SEGURATA_SUBCONTRATADO (CERT_SEG, NOMBRE, TURNO, DNI) VALUES ('Certificación Protección Integral', 'Andrés González', 'Noche', '66667777U');
INSERT INTO SEGURATA_SUBCONTRATADO (CERT_SEG, NOMBRE, TURNO, DNI) VALUES ('Certificación Respuesta Rápida', 'Lorena Serrano', 'Día', '77778888V');
INSERT INTO SEGURATA_SUBCONTRATADO (CERT_SEG, NOMBRE, TURNO, DNI) VALUES ('Certificación Supervisión', 'Mario Ibáñez', 'Noche', '88889999W');
INSERT INTO SEGURATA_SUBCONTRATADO (CERT_SEG, NOMBRE, TURNO, DNI) VALUES ('Certificación Control Acceso', 'Eva Moreno', 'Día', '99990000X');
INSERT INTO SEGURATA_SUBCONTRATADO (CERT_SEG, NOMBRE, TURNO, DNI) VALUES ('Certificación Defensa Personal', 'Javier Méndez', 'Noche', '00001111Y');
INSERT INTO SEGURATA_SUBCONTRATADO (CERT_SEG, NOMBRE, TURNO, DNI) VALUES ('Certificación Gestión Emergencias', 'Cristina Nieto', 'Día', '11112233Z');
INSERT INTO SEGURATA_SUBCONTRATADO (CERT_SEG, NOMBRE, TURNO, DNI) VALUES ('Certificación Operaciones Críticas', 'Álvaro Ramos', 'Noche', '22223344A');
INSERT INTO SEGURATA_SUBCONTRATADO (CERT_SEG, NOMBRE, TURNO, DNI) VALUES ('Certificación Seguridad Eventos', 'Inés Rubio', 'Día', '33334455B');
INSERT INTO SEGURATA_SUBCONTRATADO (CERT_SEG, NOMBRE, TURNO, DNI) VALUES ('Certificación Protección Ejecutiva', 'Marcos Rivas', 'Noche', '44445566C');
INSERT INTO SEGURATA_SUBCONTRATADO (CERT_SEG, NOMBRE, TURNO, DNI) VALUES ('Certificación Vigilancia Nocturna', 'Paula Villar', 'Noche', '55556677D');
INSERT INTO SEGURATA_SUBCONTRATADO (CERT_SEG, NOMBRE, TURNO, DNI) VALUES ('Certificación Control Perimetral', 'Rubén Sastre', 'Día', '66667788E');
INSERT INTO SEGURATA_SUBCONTRATADO (CERT_SEG, NOMBRE, TURNO, DNI) VALUES ('Certificación Gestión de Riesgos', 'Estela Gil', 'Noche', '77778899F');
INSERT INTO SEGURATA_SUBCONTRATADO (CERT_SEG, NOMBRE, TURNO, DNI) VALUES ('Certificación Ciberseguridad Física', 'Diego Prieto', 'Día', '88889900G');
INSERT INTO SEGURATA_SUBCONTRATADO (CERT_SEG, NOMBRE, TURNO, DNI) VALUES ('Certificación Seguridad Patrimonial', 'Raquel Lozano', 'Noche', '99990011H');
INSERT INTO SEGURATA_SUBCONTRATADO (CERT_SEG, NOMBRE, TURNO, DNI) VALUES ('Certificación Protección Física', 'Víctor Reyes', 'Día', '00001122I');

INSERT INTO EMPLEADO_DE_SEGURIDAD (NSS, DNI) VALUES ('1234509876K', '11112222P');
INSERT INTO EMPLEADO_DE_SEGURIDAD (NSS, DNI) VALUES ('2345610987L', '22223333Q');
INSERT INTO EMPLEADO_DE_SEGURIDAD (NSS, DNI) VALUES ('2345678901R', '88889900G');
INSERT INTO EMPLEADO_DE_SEGURIDAD (NSS, DNI) VALUES ('2345678901Q', '99990011H');
INSERT INTO EMPLEADO_DE_SEGURIDAD (NSS, DNI) VALUES ('3456789012R', '55556666T');

INSERT INTO EMPSEG_SUPERVISA_TORNEO (NSS,DNI, ID_TORNEO) VALUES ('1234509876K', '11112222P',1);
INSERT INTO EMPSEG_SUPERVISA_TORNEO (NSS, DNI,ID_TORNEO) VALUES ('1234509876K', '11112222P',2);
INSERT INTO EMPSEG_SUPERVISA_TORNEO ( NSS, DNI,ID_TORNEO) VALUES ('1234509876K', '11112222P',3);
INSERT INTO EMPSEG_SUPERVISA_TORNEO ( NSS, DNI,ID_TORNEO) VALUES ('1234509876K', '11112222P',4);
INSERT INTO EMPSEG_SUPERVISA_TORNEO ( NSS, DNI,ID_TORNEO) VALUES ('2345610987L', '22223333Q', 5);
INSERT INTO EMPSEG_SUPERVISA_TORNEO ( NSS, DNI,ID_TORNEO) VALUES ('2345610987L', '22223333Q', 6);
INSERT INTO EMPSEG_SUPERVISA_TORNEO ( NSS, DNI,ID_TORNEO) VALUES ('2345610987L', '22223333Q', 7);
INSERT INTO EMPSEG_SUPERVISA_TORNEO ( NSS, DNI,ID_TORNEO) VALUES ('2345610987L', '22223333Q', 9);
INSERT INTO EMPSEG_SUPERVISA_TORNEO ( NSS, DNI,ID_TORNEO) VALUES ('2345610987L', '22223333Q', 10);
INSERT INTO EMPSEG_SUPERVISA_TORNEO ( NSS, DNI,ID_TORNEO) VALUES ('2345610987L', '22223333Q', 11);
INSERT INTO EMPSEG_SUPERVISA_TORNEO ( NSS, DNI,ID_TORNEO) VALUES ('2345678901R', '88889900G', 12);
INSERT INTO EMPSEG_SUPERVISA_TORNEO ( NSS, DNI,ID_TORNEO) VALUES ('2345678901R', '88889900G', 13);
INSERT INTO EMPSEG_SUPERVISA_TORNEO ( NSS, DNI,ID_TORNEO) VALUES ('2345678901R', '88889900G', 14);
INSERT INTO EMPSEG_SUPERVISA_TORNEO ( NSS, DNI,ID_TORNEO) VALUES ('2345678901Q', '99990011H', 15);
INSERT INTO EMPSEG_SUPERVISA_TORNEO ( NSS,DNI, ID_TORNEO) VALUES ('2345678901Q', '99990011H', 16);
INSERT INTO EMPSEG_SUPERVISA_TORNEO ( NSS,DNI, ID_TORNEO) VALUES ('3456789012R', '55556666T', 17);
INSERT INTO EMPSEG_SUPERVISA_TORNEO ( NSS,DNI, ID_TORNEO) VALUES ('3456789012R', '55556666T', 18);

INSERT INTO SEGSUBCONTRATADO_VIGILA_SALA(DNI, ID_SALA) VALUES ('11112222P', 14);
INSERT INTO SEGSUBCONTRATADO_VIGILA_SALA(DNI, ID_SALA) VALUES ('22223333Q', 8);
INSERT INTO SEGSUBCONTRATADO_VIGILA_SALA(DNI, ID_SALA) VALUES ('33334444R', 27);
INSERT INTO SEGSUBCONTRATADO_VIGILA_SALA(DNI, ID_SALA) VALUES ('44445555S', 3);
INSERT INTO SEGSUBCONTRATADO_VIGILA_SALA(DNI, ID_SALA) VALUES ('55556666T', 19);
INSERT INTO SEGSUBCONTRATADO_VIGILA_SALA(DNI, ID_SALA) VALUES ('66667777U', 11);
INSERT INTO SEGSUBCONTRATADO_VIGILA_SALA(DNI, ID_SALA) VALUES ('77778888V', 25);
INSERT INTO SEGSUBCONTRATADO_VIGILA_SALA(DNI, ID_SALA) VALUES ('88889999W', 5);
INSERT INTO SEGSUBCONTRATADO_VIGILA_SALA(DNI, ID_SALA) VALUES ('99990000X', 22);
INSERT INTO SEGSUBCONTRATADO_VIGILA_SALA(DNI, ID_SALA) VALUES ('00001111Y', 10);
INSERT INTO SEGSUBCONTRATADO_VIGILA_SALA(DNI, ID_SALA) VALUES ('11112233Z', 16);
INSERT INTO SEGSUBCONTRATADO_VIGILA_SALA(DNI, ID_SALA) VALUES ('22223344A', 7);
INSERT INTO SEGSUBCONTRATADO_VIGILA_SALA(DNI, ID_SALA) VALUES ('33334455B', 2);
INSERT INTO SEGSUBCONTRATADO_VIGILA_SALA(DNI, ID_SALA) VALUES ('44445566C', 30);
INSERT INTO SEGSUBCONTRATADO_VIGILA_SALA(DNI, ID_SALA) VALUES ('55556677D', 18);
INSERT INTO SEGSUBCONTRATADO_VIGILA_SALA(DNI, ID_SALA) VALUES ('66667788E', 13);
INSERT INTO SEGSUBCONTRATADO_VIGILA_SALA(DNI, ID_SALA) VALUES ('77778899F', 26);
INSERT INTO SEGSUBCONTRATADO_VIGILA_SALA(DNI, ID_SALA) VALUES ('88889900G', 6);
INSERT INTO SEGSUBCONTRATADO_VIGILA_SALA(DNI, ID_SALA) VALUES ('99990011H', 21);
INSERT INTO SEGSUBCONTRATADO_VIGILA_SALA(DNI, ID_SALA) VALUES ('00001122I', 9);
INSERT INTO SEGSUBCONTRATADO_VIGILA_SALA(DNI, ID_SALA) VALUES ('11112222P', 15);
INSERT INTO SEGSUBCONTRATADO_VIGILA_SALA(DNI, ID_SALA) VALUES ('22223333Q', 12);
INSERT INTO SEGSUBCONTRATADO_VIGILA_SALA(DNI, ID_SALA) VALUES ('33334444R', 20);
INSERT INTO SEGSUBCONTRATADO_VIGILA_SALA(DNI, ID_SALA) VALUES ('44445555S', 4);
INSERT INTO SEGSUBCONTRATADO_VIGILA_SALA(DNI, ID_SALA) VALUES ('55556666T', 28);
INSERT INTO SEGSUBCONTRATADO_VIGILA_SALA(DNI, ID_SALA) VALUES ('66667777U', 17);
INSERT INTO SEGSUBCONTRATADO_VIGILA_SALA(DNI, ID_SALA) VALUES ('77778888V', 23);
INSERT INTO SEGSUBCONTRATADO_VIGILA_SALA(DNI, ID_SALA) VALUES ('88889999W', 1);
INSERT INTO SEGSUBCONTRATADO_VIGILA_SALA(DNI, ID_SALA) VALUES ('99990000X', 24);
INSERT INTO SEGSUBCONTRATADO_VIGILA_SALA(DNI, ID_SALA) VALUES ('00001111Y', 29);
INSERT INTO SEGSUBCONTRATADO_VIGILA_SALA(DNI, ID_SALA) VALUES ('11112233Z', 14);
INSERT INTO SEGSUBCONTRATADO_VIGILA_SALA(DNI, ID_SALA) VALUES ('22223344A', 8);
INSERT INTO SEGSUBCONTRATADO_VIGILA_SALA(DNI, ID_SALA) VALUES ('33334455B', 27);
INSERT INTO SEGSUBCONTRATADO_VIGILA_SALA(DNI, ID_SALA) VALUES ('44445566C', 3);

INSERT INTO EMPSEG_VIGILA_SALA (NSS, DNI, ID_SALA) VALUES ('1234509876K', '11112222P', 1);
INSERT INTO EMPSEG_VIGILA_SALA (NSS, DNI, ID_SALA) VALUES ('1234509876K', '11112222P', 2);
INSERT INTO EMPSEG_VIGILA_SALA (NSS, DNI, ID_SALA) VALUES ('2345678901R', '88889900G', 3);
INSERT INTO EMPSEG_VIGILA_SALA (NSS, DNI, ID_SALA) VALUES ('2345678901R', '88889900G', 4);
INSERT INTO EMPSEG_VIGILA_SALA (NSS, DNI, ID_SALA) VALUES ('2345678901R', '88889900G', 5);
INSERT INTO EMPSEG_VIGILA_SALA (NSS, DNI, ID_SALA) VALUES ('2345678901Q', '99990011H', 6);
INSERT INTO EMPSEG_VIGILA_SALA (NSS, DNI, ID_SALA) VALUES ('3456789012R', '55556666T', 1);

INSERT INTO CASINO_CONTRATA_SUBSEG (DNI, ID_CASINO) VALUES ('11112222P', 1);
INSERT INTO CASINO_CONTRATA_SUBSEG (DNI, ID_CASINO) VALUES ('22223333Q', 2);
INSERT INTO CASINO_CONTRATA_SUBSEG (DNI, ID_CASINO) VALUES ('33334444R', 3);
INSERT INTO CASINO_CONTRATA_SUBSEG (DNI, ID_CASINO) VALUES ('44445555S', 4);
INSERT INTO CASINO_CONTRATA_SUBSEG (DNI, ID_CASINO) VALUES ('55556666T', 5);
INSERT INTO CASINO_CONTRATA_SUBSEG (DNI, ID_CASINO) VALUES ('66667777U', 6);
INSERT INTO CASINO_CONTRATA_SUBSEG (DNI, ID_CASINO) VALUES ('77778888V', 1);
INSERT INTO CASINO_CONTRATA_SUBSEG (DNI, ID_CASINO) VALUES ('88889999W', 2);
INSERT INTO CASINO_CONTRATA_SUBSEG (DNI, ID_CASINO) VALUES ('99990000X', 3);
INSERT INTO CASINO_CONTRATA_SUBSEG (DNI, ID_CASINO) VALUES ('00001111Y', 4);
INSERT INTO CASINO_CONTRATA_SUBSEG (DNI, ID_CASINO) VALUES ('11112233Z', 5);
INSERT INTO CASINO_CONTRATA_SUBSEG (DNI, ID_CASINO) VALUES ('22223344A', 6);
INSERT INTO CASINO_CONTRATA_SUBSEG (DNI, ID_CASINO) VALUES ('33334455B', 1);
INSERT INTO CASINO_CONTRATA_SUBSEG (DNI, ID_CASINO) VALUES ('44445566C', 2);
INSERT INTO CASINO_CONTRATA_SUBSEG (DNI, ID_CASINO) VALUES ('55556677D', 3);
INSERT INTO CASINO_CONTRATA_SUBSEG (DNI, ID_CASINO) VALUES ('66667788E', 4);
INSERT INTO CASINO_CONTRATA_SUBSEG (DNI, ID_CASINO) VALUES ('77778899F', 5);
INSERT INTO CASINO_CONTRATA_SUBSEG (DNI, ID_CASINO) VALUES ('88889900G', 6);
INSERT INTO CASINO_CONTRATA_SUBSEG (DNI, ID_CASINO) VALUES ('99990011H', 1);
INSERT INTO CASINO_CONTRATA_SUBSEG (DNI, ID_CASINO) VALUES ('00001122I', 2);
INSERT INTO CASINO_CONTRATA_SUBSEG (DNI, ID_CASINO) VALUES ('77778888V', 3);
INSERT INTO CASINO_CONTRATA_SUBSEG (DNI, ID_CASINO) VALUES ('88889999W', 4);
INSERT INTO CASINO_CONTRATA_SUBSEG (DNI, ID_CASINO) VALUES ('99990000X', 5);
INSERT INTO CASINO_CONTRATA_SUBSEG (DNI, ID_CASINO) VALUES ('33334444R', 6);
INSERT INTO CASINO_CONTRATA_SUBSEG (DNI, ID_CASINO) VALUES ('11112233Z', 1);

INSERT INTO JUEGO (ID_JUEGO, FECHA, NUM_PARTICIPANTES, EN_QUE_MESA) VALUES (1, TO_DATE('2024-01-05', 'YYYY-MM-DD'), 4, 1);
INSERT INTO JUEGO (ID_JUEGO, FECHA, NUM_PARTICIPANTES, EN_QUE_MESA) VALUES (2, TO_DATE('2024-01-10', 'YYYY-MM-DD'), 5, 2);
INSERT INTO JUEGO (ID_JUEGO, FECHA, NUM_PARTICIPANTES, EN_QUE_MESA) VALUES (3, TO_DATE('2024-01-15', 'YYYY-MM-DD'), 6, 3);
INSERT INTO JUEGO (ID_JUEGO, FECHA, NUM_PARTICIPANTES, EN_QUE_MESA) VALUES (4, TO_DATE('2024-01-20', 'YYYY-MM-DD'), 8, 4);
INSERT INTO JUEGO (ID_JUEGO, FECHA, NUM_PARTICIPANTES, EN_QUE_MESA) VALUES (5, TO_DATE('2024-01-25', 'YYYY-MM-DD'), 3, 5);
INSERT INTO JUEGO (ID_JUEGO, FECHA, NUM_PARTICIPANTES, EN_QUE_MESA) VALUES (6, TO_DATE('2024-02-01', 'YYYY-MM-DD'), 7, 6);
INSERT INTO JUEGO (ID_JUEGO, FECHA, NUM_PARTICIPANTES, EN_QUE_MESA) VALUES (7, TO_DATE('2024-02-05', 'YYYY-MM-DD'), 4, 7);
INSERT INTO JUEGO (ID_JUEGO, FECHA, NUM_PARTICIPANTES, EN_QUE_MESA) VALUES (8, TO_DATE('2024-02-10', 'YYYY-MM-DD'), 5, 8);
INSERT INTO JUEGO (ID_JUEGO, FECHA, NUM_PARTICIPANTES, EN_QUE_MESA) VALUES (9, TO_DATE('2024-02-15', 'YYYY-MM-DD'), 9, 9);
INSERT INTO JUEGO (ID_JUEGO, FECHA, NUM_PARTICIPANTES, EN_QUE_MESA) VALUES (10, TO_DATE('2024-02-20', 'YYYY-MM-DD'), 6, 10);
INSERT INTO JUEGO (ID_JUEGO, FECHA, NUM_PARTICIPANTES, EN_QUE_MESA) VALUES (11, TO_DATE('2024-02-25', 'YYYY-MM-DD'), 3, 11);
INSERT INTO JUEGO (ID_JUEGO, FECHA, NUM_PARTICIPANTES, EN_QUE_MESA) VALUES (12, TO_DATE('2024-03-01', 'YYYY-MM-DD'), 8, 12);
INSERT INTO JUEGO (ID_JUEGO, FECHA, NUM_PARTICIPANTES, EN_QUE_MESA) VALUES (13, TO_DATE('2024-03-05', 'YYYY-MM-DD'), 4, 13);
INSERT INTO JUEGO (ID_JUEGO, FECHA, NUM_PARTICIPANTES, EN_QUE_MESA) VALUES (14, TO_DATE('2024-03-10', 'YYYY-MM-DD'), 5, 14);
INSERT INTO JUEGO (ID_JUEGO, FECHA, NUM_PARTICIPANTES, EN_QUE_MESA) VALUES (15, TO_DATE('2024-03-15', 'YYYY-MM-DD'), 7, 15);
INSERT INTO JUEGO (ID_JUEGO, FECHA, NUM_PARTICIPANTES, EN_QUE_MESA) VALUES (16, TO_DATE('2024-03-20', 'YYYY-MM-DD'), 6, 16);
INSERT INTO JUEGO (ID_JUEGO, FECHA, NUM_PARTICIPANTES, EN_QUE_MESA) VALUES (17, TO_DATE('2024-03-25', 'YYYY-MM-DD'), 3, 17);
INSERT INTO JUEGO (ID_JUEGO, FECHA, NUM_PARTICIPANTES, EN_QUE_MESA) VALUES (18, TO_DATE('2024-04-01', 'YYYY-MM-DD'), 8, 18);
INSERT INTO JUEGO (ID_JUEGO, FECHA, NUM_PARTICIPANTES, EN_QUE_MESA) VALUES (19, TO_DATE('2024-04-05', 'YYYY-MM-DD'), 4, 19);
INSERT INTO JUEGO (ID_JUEGO, FECHA, NUM_PARTICIPANTES, EN_QUE_MESA) VALUES (20, TO_DATE('2024-04-10', 'YYYY-MM-DD'), 9, 20);
INSERT INTO JUEGO (ID_JUEGO, FECHA, NUM_PARTICIPANTES, EN_QUE_MESA) VALUES (21, TO_DATE('2024-04-15', 'YYYY-MM-DD'), 7, 1);
INSERT INTO JUEGO (ID_JUEGO, FECHA, NUM_PARTICIPANTES, EN_QUE_MESA) VALUES (22, TO_DATE('2024-04-20', 'YYYY-MM-DD'), 6, 2);
INSERT INTO JUEGO (ID_JUEGO, FECHA, NUM_PARTICIPANTES, EN_QUE_MESA) VALUES (23, TO_DATE('2024-04-25', 'YYYY-MM-DD'), 5, 3);
INSERT INTO JUEGO (ID_JUEGO, FECHA, NUM_PARTICIPANTES, EN_QUE_MESA) VALUES (24, TO_DATE('2024-05-01', 'YYYY-MM-DD'), 8, 4);
INSERT INTO JUEGO (ID_JUEGO, FECHA, NUM_PARTICIPANTES, EN_QUE_MESA) VALUES (25, TO_DATE('2024-05-05', 'YYYY-MM-DD'), 3, 5);
INSERT INTO JUEGO (ID_JUEGO, FECHA, NUM_PARTICIPANTES, EN_QUE_MESA) VALUES (26, TO_DATE('2024-05-10', 'YYYY-MM-DD'), 4, 6);
INSERT INTO JUEGO (ID_JUEGO, FECHA, NUM_PARTICIPANTES, EN_QUE_MESA) VALUES (27, TO_DATE('2024-05-15', 'YYYY-MM-DD'), 7, 7);
INSERT INTO JUEGO (ID_JUEGO, FECHA, NUM_PARTICIPANTES, EN_QUE_MESA) VALUES (28, TO_DATE('2024-05-20', 'YYYY-MM-DD'), 5, 8);
INSERT INTO JUEGO (ID_JUEGO, FECHA, NUM_PARTICIPANTES, EN_QUE_MESA) VALUES (29, TO_DATE('2024-05-25', 'YYYY-MM-DD'), 9, 9);
INSERT INTO JUEGO (ID_JUEGO, FECHA, NUM_PARTICIPANTES, EN_QUE_MESA) VALUES (30, TO_DATE('2024-06-01', 'YYYY-MM-DD'), 6, 10);

INSERT INTO CRUPIER (NSS, MESA_ASIGNADA) VALUES ('1234567890A', 1);
INSERT INTO CRUPIER (NSS, MESA_ASIGNADA) VALUES ('2345678901B', 2);
INSERT INTO CRUPIER (NSS, MESA_ASIGNADA) VALUES ('3456789012C', 3);
INSERT INTO CRUPIER (NSS, MESA_ASIGNADA) VALUES ('4567890123D', 4);
INSERT INTO CRUPIER (NSS, MESA_ASIGNADA) VALUES ('5678901234E', 5);
INSERT INTO CRUPIER (NSS, MESA_ASIGNADA) VALUES ('6789012345F', 6);
INSERT INTO CRUPIER (NSS, MESA_ASIGNADA) VALUES ('7890123456G', 7);
INSERT INTO CRUPIER (NSS, MESA_ASIGNADA) VALUES ('8901234567H', 8);
INSERT INTO CRUPIER (NSS, MESA_ASIGNADA) VALUES ('9012345678I', 9);
INSERT INTO CRUPIER (NSS, MESA_ASIGNADA) VALUES ('0123456789J', 10);
INSERT INTO CRUPIER (NSS, MESA_ASIGNADA) VALUES ('1234509876K', 11);
INSERT INTO CRUPIER (NSS, MESA_ASIGNADA) VALUES ('2345610987L', 12);
INSERT INTO CRUPIER (NSS, MESA_ASIGNADA) VALUES ('3456721098M', 13);
INSERT INTO CRUPIER (NSS, MESA_ASIGNADA) VALUES ('4567832109N', 14);
INSERT INTO CRUPIER (NSS, MESA_ASIGNADA) VALUES ('5678943210O', 15);
INSERT INTO CRUPIER (NSS, MESA_ASIGNADA) VALUES ('1234567890P', 16);
INSERT INTO CRUPIER (NSS, MESA_ASIGNADA) VALUES ('2345678901Q', 17);
INSERT INTO CRUPIER (NSS, MESA_ASIGNADA) VALUES ('3456789012R', 18);
INSERT INTO CRUPIER (NSS, MESA_ASIGNADA) VALUES ('4567890123S', 19);
INSERT INTO CRUPIER (NSS, MESA_ASIGNADA) VALUES ('5678901234T', 20);
INSERT INTO CRUPIER (NSS, MESA_ASIGNADA) VALUES ('6789012345U', 21);
INSERT INTO CRUPIER (NSS, MESA_ASIGNADA) VALUES ('7890123456V', 22);
INSERT INTO CRUPIER (NSS, MESA_ASIGNADA) VALUES ('8901234567W', 23);
INSERT INTO CRUPIER (NSS, MESA_ASIGNADA) VALUES ('9012345678X', 24);
INSERT INTO CRUPIER (NSS, MESA_ASIGNADA) VALUES ('0123456789Y', 25);
INSERT INTO CRUPIER (NSS, MESA_ASIGNADA) VALUES ('1234509876Z', 2);
INSERT INTO CRUPIER (NSS, MESA_ASIGNADA) VALUES ('2345610987A', 1);
INSERT INTO CRUPIER (NSS, MESA_ASIGNADA) VALUES ('4567832109C', 22);
INSERT INTO CRUPIER (NSS, MESA_ASIGNADA) VALUES ('5678943210D', 13);
INSERT INTO CRUPIER (NSS, MESA_ASIGNADA) VALUES ('6789012345E', 8);
INSERT INTO CRUPIER (NSS, MESA_ASIGNADA) VALUES ('7890123456F', 17);
INSERT INTO CRUPIER (NSS, MESA_ASIGNADA) VALUES ('8901234567G', 4);
INSERT INTO CRUPIER (NSS, MESA_ASIGNADA) VALUES ('9012345678H', 10);
INSERT INTO CRUPIER (NSS, MESA_ASIGNADA) VALUES ('0123456789J1', 25);

-- ASIGNACIÓN DE SUPLENTES (UPDATE)
UPDATE CRUPIER SET SUPLENTE = '1234509876K' WHERE NSS = '1234567890A';
UPDATE CRUPIER SET SUPLENTE = '6789012345F' WHERE NSS = '2345678901B';
UPDATE CRUPIER SET SUPLENTE = '7890123456G' WHERE NSS = '3456789012C';
UPDATE CRUPIER SET SUPLENTE = '1234509876K' WHERE NSS = '4567890123D';
UPDATE CRUPIER SET SUPLENTE = '9012345678I' WHERE NSS = '5678901234E';
UPDATE CRUPIER SET SUPLENTE = '2345678901Q' WHERE NSS = '6789012345F';
UPDATE CRUPIER SET SUPLENTE = '6789012345F' WHERE NSS = '7890123456G';
UPDATE CRUPIER SET SUPLENTE = '3456721098M' WHERE NSS = '8901234567H';
UPDATE CRUPIER SET SUPLENTE = '7890123456G' WHERE NSS = '9012345678I';
UPDATE CRUPIER SET SUPLENTE = '3456789012C' WHERE NSS = '0123456789J';
UPDATE CRUPIER SET SUPLENTE = '2345678901Q' WHERE NSS = '1234509876K';
UPDATE CRUPIER SET SUPLENTE = '5678943210D' WHERE NSS = '2345610987L';
UPDATE CRUPIER SET SUPLENTE = '4567890123D' WHERE NSS = '3456721098M';
UPDATE CRUPIER SET SUPLENTE = '8901234567H' WHERE NSS = '4567832109N';
UPDATE CRUPIER SET SUPLENTE = '6789012345U' WHERE NSS = '5678943210O';
UPDATE CRUPIER SET SUPLENTE = '2345678901Q' WHERE NSS = '1234567890P';
UPDATE CRUPIER SET SUPLENTE = '3456789012C' WHERE NSS = '2345678901Q';
UPDATE CRUPIER SET SUPLENTE = '7890123456G' WHERE NSS = '3456789012R';
UPDATE CRUPIER SET SUPLENTE = '1234567890P' WHERE NSS = '4567890123S';
UPDATE CRUPIER SET SUPLENTE = '6789012345F' WHERE NSS = '5678901234T';
UPDATE CRUPIER SET SUPLENTE = '7890123456G' WHERE NSS = '6789012345U';
UPDATE CRUPIER SET SUPLENTE = '0123456789J' WHERE NSS = '7890123456V';
UPDATE CRUPIER SET SUPLENTE = '6789012345U' WHERE NSS = '8901234567W';
UPDATE CRUPIER SET SUPLENTE = '8901234567W' WHERE NSS = '9012345678X';
UPDATE CRUPIER SET SUPLENTE = '2345678901Q' WHERE NSS = '0123456789Y';
UPDATE CRUPIER SET SUPLENTE = '4567832109N' WHERE NSS = '1234509876Z';
UPDATE CRUPIER SET SUPLENTE = '7890123456V' WHERE NSS = '2345610987A';
UPDATE CRUPIER SET SUPLENTE = '7890123456G' WHERE NSS = '3456721098B';
UPDATE CRUPIER SET SUPLENTE = '6789012345F' WHERE NSS = '4567832109C';
UPDATE CRUPIER SET SUPLENTE = '8901234567W' WHERE NSS = '5678943210D';
UPDATE CRUPIER SET SUPLENTE = '7890123456G' WHERE NSS = '6789012345E';
UPDATE CRUPIER SET SUPLENTE = '8901234567W' WHERE NSS = '7890123456F';
UPDATE CRUPIER SET SUPLENTE = '1234509876K' WHERE NSS = '8901234567G';
UPDATE CRUPIER SET SUPLENTE = '6789012345F' WHERE NSS = '9012345678H';
UPDATE CRUPIER SET SUPLENTE = '6789012345U' WHERE NSS = '0123456789J1';

INSERT INTO EMPLEADO_RECEPCION (NSS, PUESTO) VALUES ('2345678901B1', 1);
INSERT INTO EMPLEADO_RECEPCION (NSS, PUESTO) VALUES ('3456789012C1', 2);
INSERT INTO EMPLEADO_RECEPCION (NSS, PUESTO) VALUES ('4567890123D1', 3);
INSERT INTO EMPLEADO_RECEPCION (NSS, PUESTO) VALUES ('5678901234E1', 4);
INSERT INTO EMPLEADO_RECEPCION (NSS, PUESTO) VALUES ('6789012345F1', 4);
INSERT INTO EMPLEADO_RECEPCION (NSS, PUESTO) VALUES ('7890123456G1', 2);
INSERT INTO EMPLEADO_RECEPCION (NSS, PUESTO) VALUES ('8901234567H1', 3);
INSERT INTO EMPLEADO_RECEPCION (NSS, PUESTO) VALUES ('9012345678I1', 1);
INSERT INTO EMPLEADO_RECEPCION (NSS, PUESTO) VALUES ('0123456789J1', 2);
INSERT INTO EMPLEADO_RECEPCION (NSS, PUESTO) VALUES ('1234567890K1', 4);
INSERT INTO EMPLEADO_RECEPCION (NSS, PUESTO) VALUES ('1234567890A', 3);
INSERT INTO EMPLEADO_RECEPCION (NSS, PUESTO) VALUES ('2345678901B', 3);
INSERT INTO EMPLEADO_RECEPCION (NSS, PUESTO) VALUES ('3456789012C', 2);
INSERT INTO EMPLEADO_RECEPCION (NSS, PUESTO) VALUES ('4567890123D', 4);
INSERT INTO EMPLEADO_RECEPCION (NSS, PUESTO) VALUES ('5678901234E', 1);
INSERT INTO EMPLEADO_RECEPCION (NSS, PUESTO) VALUES ('6789012345F', 1);
INSERT INTO EMPLEADO_RECEPCION (NSS, PUESTO) VALUES ('7890123456G', 3);
INSERT INTO EMPLEADO_RECEPCION (NSS, PUESTO) VALUES ('8901234567H', 4);
INSERT INTO EMPLEADO_RECEPCION (NSS, PUESTO) VALUES ('9012345678I', 3);
INSERT INTO EMPLEADO_RECEPCION (NSS, PUESTO) VALUES ('0123456789J', 1);
INSERT INTO EMPLEADO_RECEPCION (NSS, PUESTO) VALUES ('1234509876K', 4);
INSERT INTO EMPLEADO_RECEPCION (NSS, PUESTO) VALUES ('2345610987L', 2);
INSERT INTO EMPLEADO_RECEPCION (NSS, PUESTO) VALUES ('3456721098M', 2);
INSERT INTO EMPLEADO_RECEPCION (NSS, PUESTO) VALUES ('4567832109N', 4);
INSERT INTO EMPLEADO_RECEPCION (NSS, PUESTO) VALUES ('5678943210O', 5);
INSERT INTO EMPLEADO_RECEPCION (NSS, PUESTO) VALUES ('1234567890P', 1);
INSERT INTO EMPLEADO_RECEPCION (NSS, PUESTO) VALUES ('2345678901Q', 1);
INSERT INTO EMPLEADO_RECEPCION (NSS, PUESTO) VALUES ('3456789012R', 2);
INSERT INTO EMPLEADO_RECEPCION (NSS, PUESTO) VALUES ('4567890123S', 3);
INSERT INTO EMPLEADO_RECEPCION (NSS, PUESTO) VALUES ('5678901234T', 4);
INSERT INTO EMPLEADO_RECEPCION (NSS, PUESTO) VALUES ('6789012345U', 3);
INSERT INTO EMPLEADO_RECEPCION (NSS, PUESTO) VALUES ('7890123456V', 3);
INSERT INTO EMPLEADO_RECEPCION (NSS, PUESTO) VALUES ('8901234567W', 3);
INSERT INTO EMPLEADO_RECEPCION (NSS, PUESTO) VALUES ('9012345678X', 4);
INSERT INTO EMPLEADO_RECEPCION (NSS, PUESTO) VALUES ('0123456789Y', 1);

INSERT INTO EMPLEADO_ADMINISTRACION (NSS, USUARIO, CLAVE) VALUES ('1234567890A', 'carlosL', 'Password1');
INSERT INTO EMPLEADO_ADMINISTRACION (NSS, USUARIO, CLAVE) VALUES ('2345678901B', 'mariaP', 'Password2');
INSERT INTO EMPLEADO_ADMINISTRACION (NSS, USUARIO, CLAVE) VALUES ('3456789012C', 'juanM', 'Password3');
INSERT INTO EMPLEADO_ADMINISTRACION (NSS, USUARIO, CLAVE) VALUES ('4567890123D', 'lauraG', 'Password4');
INSERT INTO EMPLEADO_ADMINISTRACION (NSS, USUARIO, CLAVE) VALUES ('5678901234E', 'pedroF', 'Password5');
INSERT INTO EMPLEADO_ADMINISTRACION (NSS, USUARIO, CLAVE) VALUES ('6789012345F', 'luciaG', 'Password6');
INSERT INTO EMPLEADO_ADMINISTRACION (NSS, USUARIO, CLAVE) VALUES ('7890123456G', 'raulS', 'Password7');
INSERT INTO EMPLEADO_ADMINISTRACION (NSS, USUARIO, CLAVE) VALUES ('8901234567H', 'anaR', 'Password8');
INSERT INTO EMPLEADO_ADMINISTRACION (NSS, USUARIO, CLAVE) VALUES ('9012345678I', 'davidT', 'Password9');
INSERT INTO EMPLEADO_ADMINISTRACION (NSS, USUARIO, CLAVE) VALUES ('0123456789J', 'elenaJ', 'Password10');
INSERT INTO EMPLEADO_ADMINISTRACION (NSS, USUARIO, CLAVE) VALUES ('1234509876K', 'sofiaM', 'Password11');
INSERT INTO EMPLEADO_ADMINISTRACION (NSS, USUARIO, CLAVE) VALUES ('2345610987L', 'jorgeO', 'Password12');
INSERT INTO EMPLEADO_ADMINISTRACION (NSS, USUARIO, CLAVE) VALUES ('3456721098M', 'claraR', 'Password13');
INSERT INTO EMPLEADO_ADMINISTRACION (NSS, USUARIO, CLAVE) VALUES ('4567832109N', 'pabloN', 'Password14');
INSERT INTO EMPLEADO_ADMINISTRACION (NSS, USUARIO, CLAVE) VALUES ('5678943210O', 'martinD', 'Password15');
INSERT INTO EMPLEADO_ADMINISTRACION (NSS, USUARIO, CLAVE) VALUES ('6789012345U', 'sergioR', 'Password16');
INSERT INTO EMPLEADO_ADMINISTRACION (NSS, USUARIO, CLAVE) VALUES ('7890123456V', 'nuriaH', 'Password17');
INSERT INTO EMPLEADO_ADMINISTRACION (NSS, USUARIO, CLAVE) VALUES ('8901234567W', 'adrianS', 'Password18');
INSERT INTO EMPLEADO_ADMINISTRACION (NSS, USUARIO, CLAVE) VALUES ('9012345678X', 'celiaV', 'Password19');
INSERT INTO EMPLEADO_ADMINISTRACION (NSS, USUARIO, CLAVE) VALUES ('0123456789Y', 'luisL', 'Password20');
INSERT INTO EMPLEADO_ADMINISTRACION (NSS, USUARIO, CLAVE) VALUES ('2345678901R', 'tomas123', 'Pass1234');
INSERT INTO EMPLEADO_ADMINISTRACION (NSS, USUARIO, CLAVE) VALUES ('3456789012S', 'beatrizM', 'Secure987');
INSERT INTO EMPLEADO_ADMINISTRACION (NSS, USUARIO, CLAVE) VALUES ('4567890123T', 'hugoP', 'Pwd6543');
INSERT INTO EMPLEADO_ADMINISTRACION (NSS, USUARIO, CLAVE) VALUES ('5678901234U', 'valeriaL', 'Key2100');
INSERT INTO EMPLEADO_ADMINISTRACION (NSS, USUARIO, CLAVE) VALUES ('6789012345V', 'andresG', 'Lock123');
INSERT INTO EMPLEADO_ADMINISTRACION (NSS, USUARIO, CLAVE) VALUES ('7890123456W', 'lorenaS', 'Pass321');
INSERT INTO EMPLEADO_ADMINISTRACION (NSS, USUARIO, CLAVE) VALUES ('8901234567X', 'marioI', 'Safe789');
INSERT INTO EMPLEADO_ADMINISTRACION (NSS, USUARIO, CLAVE) VALUES ('9012345678Y', 'evaM', 'Secure456');
INSERT INTO EMPLEADO_ADMINISTRACION (NSS, USUARIO, CLAVE) VALUES ('0123456789Z', 'javierM', 'Access111');
INSERT INTO EMPLEADO_ADMINISTRACION (NSS, USUARIO, CLAVE) VALUES ('1234509876Z', 'marinaA', 'Safe123');
INSERT INTO EMPLEADO_ADMINISTRACION (NSS, USUARIO, CLAVE) VALUES ('2345610987A', 'robertoV', 'Secure222');
INSERT INTO EMPLEADO_ADMINISTRACION (NSS, USUARIO, CLAVE) VALUES ('3456721098B', 'patriciaS', 'Strong987');
INSERT INTO EMPLEADO_ADMINISTRACION (NSS, USUARIO, CLAVE) VALUES ('4567832109C', 'oscarC', 'PasswordX');
INSERT INTO EMPLEADO_ADMINISTRACION (NSS, USUARIO, CLAVE) VALUES ('5678943210D', 'isabelS', 'Secret111');
INSERT INTO EMPLEADO_ADMINISTRACION (NSS, USUARIO, CLAVE) VALUES ('6789012345E', 'fernandoC', 'Lockdown');

INSERT INTO RECEPCION_PAGA_CLIENTE (ID_PAGO, ID_RECEP, ID_CLIENTE, FECHA_PAGO, DINERO) VALUES (1, '2345678901B1', 1, TO_DATE('2024-01-15', 'YYYY-MM-DD'), 50.00);
INSERT INTO RECEPCION_PAGA_CLIENTE (ID_PAGO, ID_RECEP, ID_CLIENTE, FECHA_PAGO, DINERO) VALUES (2, '3456789012C1', 2, TO_DATE('2024-01-20', 'YYYY-MM-DD'), 75.00);
INSERT INTO RECEPCION_PAGA_CLIENTE (ID_PAGO, ID_RECEP, ID_CLIENTE, FECHA_PAGO, DINERO) VALUES (3, '4567890123D1', 3, TO_DATE('2024-02-05', 'YYYY-MM-DD'), 120.00);
INSERT INTO RECEPCION_PAGA_CLIENTE (ID_PAGO, ID_RECEP, ID_CLIENTE, FECHA_PAGO, DINERO) VALUES (4, '5678901234E1', 4, TO_DATE('2024-02-10', 'YYYY-MM-DD'), 30.50);
INSERT INTO RECEPCION_PAGA_CLIENTE (ID_PAGO, ID_RECEP, ID_CLIENTE, FECHA_PAGO, DINERO) VALUES (5, '6789012345F1', 5, TO_DATE('2024-02-15', 'YYYY-MM-DD'), 100.75);
INSERT INTO RECEPCION_PAGA_CLIENTE (ID_PAGO, ID_RECEP, ID_CLIENTE, FECHA_PAGO, DINERO) VALUES (6, '7890123456G1', 6, TO_DATE('2024-03-01', 'YYYY-MM-DD'), 85.00);
INSERT INTO RECEPCION_PAGA_CLIENTE (ID_PAGO, ID_RECEP, ID_CLIENTE, FECHA_PAGO, DINERO) VALUES (7, '8901234567H1', 7, TO_DATE('2024-03-05', 'YYYY-MM-DD'), 65.25);
INSERT INTO RECEPCION_PAGA_CLIENTE (ID_PAGO, ID_RECEP, ID_CLIENTE, FECHA_PAGO, DINERO) VALUES (8, '9012345678I1', 8, TO_DATE('2024-03-12', 'YYYY-MM-DD'), 40.00);
INSERT INTO RECEPCION_PAGA_CLIENTE (ID_PAGO, ID_RECEP, ID_CLIENTE, FECHA_PAGO, DINERO) VALUES (9, '0123456789J1', 9, TO_DATE('2024-03-18', 'YYYY-MM-DD'), 55.50);
INSERT INTO RECEPCION_PAGA_CLIENTE (ID_PAGO, ID_RECEP, ID_CLIENTE, FECHA_PAGO, DINERO) VALUES (10, '1234567890K1', 10, TO_DATE('2024-04-01', 'YYYY-MM-DD'), 70.00);
INSERT INTO RECEPCION_PAGA_CLIENTE (ID_PAGO, ID_RECEP, ID_CLIENTE, FECHA_PAGO, DINERO) VALUES (11, '2345678901B1', 11, TO_DATE('2024-04-10', 'YYYY-MM-DD'), 45.25);
INSERT INTO RECEPCION_PAGA_CLIENTE (ID_PAGO, ID_RECEP, ID_CLIENTE, FECHA_PAGO, DINERO) VALUES (12, '3456789012C1', 12, TO_DATE('2024-04-15', 'YYYY-MM-DD'), 60.00);
INSERT INTO RECEPCION_PAGA_CLIENTE (ID_PAGO, ID_RECEP, ID_CLIENTE, FECHA_PAGO, DINERO) VALUES (13, '4567890123D1', 13, TO_DATE('2024-04-22', 'YYYY-MM-DD'), 110.00);
INSERT INTO RECEPCION_PAGA_CLIENTE (ID_PAGO, ID_RECEP, ID_CLIENTE, FECHA_PAGO, DINERO) VALUES (14, '5678901234E1', 14, TO_DATE('2024-05-01', 'YYYY-MM-DD'), 75.50);
INSERT INTO RECEPCION_PAGA_CLIENTE (ID_PAGO, ID_RECEP, ID_CLIENTE, FECHA_PAGO, DINERO) VALUES (15, '6789012345F1', 15, TO_DATE('2024-05-10', 'YYYY-MM-DD'), 95.00);
INSERT INTO RECEPCION_PAGA_CLIENTE (ID_PAGO, ID_RECEP, ID_CLIENTE, FECHA_PAGO, DINERO) VALUES (17, '8901234567H1', 17, TO_DATE('2024-06-01', 'YYYY-MM-DD'), 85.00);
INSERT INTO RECEPCION_PAGA_CLIENTE (ID_PAGO, ID_RECEP, ID_CLIENTE, FECHA_PAGO, DINERO) VALUES (18, '9012345678I1', 18, TO_DATE('2024-06-10', 'YYYY-MM-DD'), 60.25);
INSERT INTO RECEPCION_PAGA_CLIENTE (ID_PAGO, ID_RECEP, ID_CLIENTE, FECHA_PAGO, DINERO) VALUES (19, '0123456789J1', 19, TO_DATE('2024-06-18', 'YYYY-MM-DD'), 40.00);
INSERT INTO RECEPCION_PAGA_CLIENTE (ID_PAGO, ID_RECEP, ID_CLIENTE, FECHA_PAGO, DINERO) VALUES (20, '1234567890K1', 20, TO_DATE('2024-07-01', 'YYYY-MM-DD'), 120.50);
INSERT INTO RECEPCION_PAGA_CLIENTE (ID_PAGO, ID_RECEP, ID_CLIENTE, FECHA_PAGO, DINERO) VALUES (21, '2345678901B1', 3, TO_DATE('2024-07-10', 'YYYY-MM-DD'), 95.00);
INSERT INTO RECEPCION_PAGA_CLIENTE (ID_PAGO, ID_RECEP, ID_CLIENTE, FECHA_PAGO, DINERO) VALUES (22, '3456789012C1', 6, TO_DATE('2024-07-15', 'YYYY-MM-DD'), 110.75);
INSERT INTO RECEPCION_PAGA_CLIENTE (ID_PAGO, ID_RECEP, ID_CLIENTE, FECHA_PAGO, DINERO) VALUES (23, '4567890123D1', 9, TO_DATE('2024-08-05', 'YYYY-MM-DD'), 75.00);
INSERT INTO RECEPCION_PAGA_CLIENTE (ID_PAGO, ID_RECEP, ID_CLIENTE, FECHA_PAGO, DINERO) VALUES (24, '5678901234E1', 12, TO_DATE('2024-08-12', 'YYYY-MM-DD'), 85.25);
INSERT INTO RECEPCION_PAGA_CLIENTE (ID_PAGO, ID_RECEP, ID_CLIENTE, FECHA_PAGO, DINERO) VALUES (25, '6789012345F1', 15, TO_DATE('2024-08-20', 'YYYY-MM-DD'), 50.00);
INSERT INTO RECEPCION_PAGA_CLIENTE (ID_PAGO, ID_RECEP, ID_CLIENTE, FECHA_PAGO, DINERO) VALUES (26, '7890123456G1', 18, TO_DATE('2024-09-01', 'YYYY-MM-DD'), 100.50);
INSERT INTO RECEPCION_PAGA_CLIENTE (ID_PAGO, ID_RECEP, ID_CLIENTE, FECHA_PAGO, DINERO) VALUES (27, '8901234567H1', 21, TO_DATE('2024-09-10', 'YYYY-MM-DD'), 40.75);
INSERT INTO RECEPCION_PAGA_CLIENTE (ID_PAGO, ID_RECEP, ID_CLIENTE, FECHA_PAGO, DINERO) VALUES (28, '9012345678I1', 24, TO_DATE('2024-09-20', 'YYYY-MM-DD'), 60.00);
INSERT INTO RECEPCION_PAGA_CLIENTE (ID_PAGO, ID_RECEP, ID_CLIENTE, FECHA_PAGO, DINERO) VALUES (29, '0123456789J1', 27, TO_DATE('2024-10-01', 'YYYY-MM-DD'), 75.25);
INSERT INTO RECEPCION_PAGA_CLIENTE (ID_PAGO, ID_RECEP, ID_CLIENTE, FECHA_PAGO, DINERO) VALUES (30, '1234567890K1', 30, TO_DATE('2024-10-15', 'YYYY-MM-DD'), 90.00);

INSERT INTO APUESTA (ID_APUESTA, VALOR, DESCRIPCION, EN_QUE_JUEGO, RESULTADO) VALUES (1, 15.50, 'Apuesta Alta', 1, 'ganada');
INSERT INTO APUESTA (ID_APUESTA, VALOR, DESCRIPCION, EN_QUE_JUEGO, RESULTADO) VALUES (2, 5.75, 'Apuesta Baja', 2, 'perdida');
INSERT INTO APUESTA (ID_APUESTA, VALOR, DESCRIPCION, EN_QUE_JUEGO, RESULTADO) VALUES (3, 10.00, 'Apuesta Media', 3, 'ganada');
INSERT INTO APUESTA (ID_APUESTA, VALOR, DESCRIPCION, EN_QUE_JUEGO, RESULTADO) VALUES (4, 25.00, 'Apuesta Alta', 4, 'perdida');
INSERT INTO APUESTA (ID_APUESTA, VALOR, DESCRIPCION, EN_QUE_JUEGO, RESULTADO) VALUES (5, 12.50, 'Apuesta Media', 5, 'ganada');
INSERT INTO APUESTA (ID_APUESTA, VALOR, DESCRIPCION, EN_QUE_JUEGO, RESULTADO) VALUES (6, 30.00, 'Apuesta Baja', 6, 'perdida');
INSERT INTO APUESTA (ID_APUESTA, VALOR, DESCRIPCION, EN_QUE_JUEGO, RESULTADO) VALUES (7, 7.25, 'Apuesta Baja', 7, 'ganada');
INSERT INTO APUESTA (ID_APUESTA, VALOR, DESCRIPCION, EN_QUE_JUEGO, RESULTADO) VALUES (8, 20.00, 'Apuesta Alta', 8, 'ganada');
INSERT INTO APUESTA (ID_APUESTA, VALOR, DESCRIPCION, EN_QUE_JUEGO, RESULTADO) VALUES (9, 18.75, 'Apuesta Media', 9, 'perdida');
INSERT INTO APUESTA (ID_APUESTA, VALOR, DESCRIPCION, EN_QUE_JUEGO, RESULTADO) VALUES (10, 3.50, 'Apuesta Baja', 10, 'ganada');
INSERT INTO APUESTA (ID_APUESTA, VALOR, DESCRIPCION, EN_QUE_JUEGO, RESULTADO) VALUES (11, 22.00, 'Apuesta Baja', 11, 'perdida');
INSERT INTO APUESTA (ID_APUESTA, VALOR, DESCRIPCION, EN_QUE_JUEGO, RESULTADO) VALUES (12, 10.50, 'Apuesta Media', 12, 'ganada');
INSERT INTO APUESTA (ID_APUESTA, VALOR, DESCRIPCION, EN_QUE_JUEGO, RESULTADO) VALUES (13, 5.00, 'Apuesta Baja', 13, 'perdida');
INSERT INTO APUESTA (ID_APUESTA, VALOR, DESCRIPCION, EN_QUE_JUEGO, RESULTADO) VALUES (14, 17.50, 'Apuesta Media', 14, 'ganada');
INSERT INTO APUESTA (ID_APUESTA, VALOR, DESCRIPCION, EN_QUE_JUEGO, RESULTADO) VALUES (15, 9.00, 'Apuesta Media', 15, 'perdida');
INSERT INTO APUESTA (ID_APUESTA, VALOR, DESCRIPCION, EN_QUE_JUEGO, RESULTADO) VALUES (16, 12.75, 'Apuesta Baja', 16, 'ganada');
INSERT INTO APUESTA (ID_APUESTA, VALOR, DESCRIPCION, EN_QUE_JUEGO, RESULTADO) VALUES (17, 6.50, 'Apuesta Baja', 17, 'perdida');
INSERT INTO APUESTA (ID_APUESTA, VALOR, DESCRIPCION, EN_QUE_JUEGO, RESULTADO) VALUES (18, 27.00, 'Apuesta Alta', 18, 'ganada');
INSERT INTO APUESTA (ID_APUESTA, VALOR, DESCRIPCION, EN_QUE_JUEGO, RESULTADO) VALUES (19, 4.25, 'Apuesta Media', 19, 'perdida');
INSERT INTO APUESTA (ID_APUESTA, VALOR, DESCRIPCION, EN_QUE_JUEGO, RESULTADO) VALUES (20, 19.00, 'Apuesta Baja', 20, 'ganada');
INSERT INTO APUESTA (ID_APUESTA, VALOR, DESCRIPCION, EN_QUE_JUEGO, RESULTADO) VALUES (21, 2.75, 'Apuesta Baja', 21, 'perdida');
INSERT INTO APUESTA (ID_APUESTA, VALOR, DESCRIPCION, EN_QUE_JUEGO, RESULTADO) VALUES (22, 15.00, 'Apuesta Media', 22, 'ganada');
INSERT INTO APUESTA (ID_APUESTA, VALOR, DESCRIPCION, EN_QUE_JUEGO, RESULTADO) VALUES (23, 21.25, 'Apuesta Alta', 23, 'perdida');
INSERT INTO APUESTA (ID_APUESTA, VALOR, DESCRIPCION, EN_QUE_JUEGO, RESULTADO) VALUES (24, 8.50, 'Apuesta Baja', 24, 'ganada');
INSERT INTO APUESTA (ID_APUESTA, VALOR, DESCRIPCION, EN_QUE_JUEGO, RESULTADO) VALUES (25, 10.00, 'Apuesta Media', 25, 'perdida');
INSERT INTO APUESTA (ID_APUESTA, VALOR, DESCRIPCION, EN_QUE_JUEGO, RESULTADO) VALUES (26, 14.75, 'Apuesta Baja', 26, 'ganada');
INSERT INTO APUESTA (ID_APUESTA, VALOR, DESCRIPCION, EN_QUE_JUEGO, RESULTADO) VALUES (27, 5.25, 'Apuesta Baja', 27, 'perdida');
INSERT INTO APUESTA (ID_APUESTA, VALOR, DESCRIPCION, EN_QUE_JUEGO, RESULTADO) VALUES (28, 9.50, 'Apuesta Media', 28, 'ganada');
INSERT INTO APUESTA (ID_APUESTA, VALOR, DESCRIPCION, EN_QUE_JUEGO, RESULTADO) VALUES (29, 20.00, 'Apuesta Alta', 29, 'perdida');
INSERT INTO APUESTA (ID_APUESTA, VALOR, DESCRIPCION, EN_QUE_JUEGO, RESULTADO) VALUES (30, 3.75, 'Apuesta Baja', 30, 'ganada');

INSERT INTO CLIENTE_JUEGO_MESA_APUESTA (ID_CLIENTE, ID_MESA_JUEGO, ID_APUESTA, ID_JUEGO) VALUES (2, 1, 1, 1);
INSERT INTO CLIENTE_JUEGO_MESA_APUESTA (ID_CLIENTE, ID_MESA_JUEGO, ID_APUESTA, ID_JUEGO) VALUES (4, 2, 2, 2);
INSERT INTO CLIENTE_JUEGO_MESA_APUESTA (ID_CLIENTE, ID_MESA_JUEGO, ID_APUESTA, ID_JUEGO) VALUES (6, 3, 3, 3);
INSERT INTO CLIENTE_JUEGO_MESA_APUESTA (ID_CLIENTE, ID_MESA_JUEGO, ID_APUESTA, ID_JUEGO) VALUES (8, 4, 4, 4);
INSERT INTO CLIENTE_JUEGO_MESA_APUESTA (ID_CLIENTE, ID_MESA_JUEGO, ID_APUESTA, ID_JUEGO) VALUES (10, 5, 5, 5);
INSERT INTO CLIENTE_JUEGO_MESA_APUESTA (ID_CLIENTE, ID_MESA_JUEGO, ID_APUESTA, ID_JUEGO) VALUES (12, 6, 6, 6);
INSERT INTO CLIENTE_JUEGO_MESA_APUESTA (ID_CLIENTE, ID_MESA_JUEGO, ID_APUESTA, ID_JUEGO) VALUES (14, 7, 7, 7);
INSERT INTO CLIENTE_JUEGO_MESA_APUESTA (ID_CLIENTE, ID_MESA_JUEGO, ID_APUESTA, ID_JUEGO) VALUES (18, 9, 9, 9);
INSERT INTO CLIENTE_JUEGO_MESA_APUESTA (ID_CLIENTE, ID_MESA_JUEGO, ID_APUESTA, ID_JUEGO) VALUES (20, 10, 10, 10);
INSERT INTO CLIENTE_JUEGO_MESA_APUESTA (ID_CLIENTE, ID_MESA_JUEGO, ID_APUESTA, ID_JUEGO) VALUES (22, 11, 11, 11);
INSERT INTO CLIENTE_JUEGO_MESA_APUESTA (ID_CLIENTE, ID_MESA_JUEGO, ID_APUESTA, ID_JUEGO) VALUES (24, 12, 12, 12);
INSERT INTO CLIENTE_JUEGO_MESA_APUESTA (ID_CLIENTE, ID_MESA_JUEGO, ID_APUESTA, ID_JUEGO) VALUES (26, 13, 13, 13);
INSERT INTO CLIENTE_JUEGO_MESA_APUESTA (ID_CLIENTE, ID_MESA_JUEGO, ID_APUESTA, ID_JUEGO) VALUES (28, 14, 14, 14);
INSERT INTO CLIENTE_JUEGO_MESA_APUESTA (ID_CLIENTE, ID_MESA_JUEGO, ID_APUESTA, ID_JUEGO) VALUES (30, 15, 15, 15);
INSERT INTO CLIENTE_JUEGO_MESA_APUESTA (ID_CLIENTE, ID_MESA_JUEGO, ID_APUESTA, ID_JUEGO) VALUES (2, 16, 16, 16);
INSERT INTO CLIENTE_JUEGO_MESA_APUESTA (ID_CLIENTE, ID_MESA_JUEGO, ID_APUESTA, ID_JUEGO) VALUES (4, 17, 17, 17);
INSERT INTO CLIENTE_JUEGO_MESA_APUESTA (ID_CLIENTE, ID_MESA_JUEGO, ID_APUESTA, ID_JUEGO) VALUES (6, 18, 18, 18);
INSERT INTO CLIENTE_JUEGO_MESA_APUESTA (ID_CLIENTE, ID_MESA_JUEGO, ID_APUESTA, ID_JUEGO) VALUES (8, 19, 19, 19);
INSERT INTO CLIENTE_JUEGO_MESA_APUESTA (ID_CLIENTE, ID_MESA_JUEGO, ID_APUESTA, ID_JUEGO) VALUES (10, 20, 20, 20);
INSERT INTO CLIENTE_JUEGO_MESA_APUESTA (ID_CLIENTE, ID_MESA_JUEGO, ID_APUESTA, ID_JUEGO) VALUES (12, 1, 21, 21);
INSERT INTO CLIENTE_JUEGO_MESA_APUESTA (ID_CLIENTE, ID_MESA_JUEGO, ID_APUESTA, ID_JUEGO) VALUES (14, 2, 22, 22);
INSERT INTO CLIENTE_JUEGO_MESA_APUESTA (ID_CLIENTE, ID_MESA_JUEGO, ID_APUESTA, ID_JUEGO) VALUES (18, 4, 24, 24);
INSERT INTO CLIENTE_JUEGO_MESA_APUESTA (ID_CLIENTE, ID_MESA_JUEGO, ID_APUESTA, ID_JUEGO) VALUES (20, 5, 25, 25);
INSERT INTO CLIENTE_JUEGO_MESA_APUESTA (ID_CLIENTE, ID_MESA_JUEGO, ID_APUESTA, ID_JUEGO) VALUES (22, 6, 26, 26);
INSERT INTO CLIENTE_JUEGO_MESA_APUESTA (ID_CLIENTE, ID_MESA_JUEGO, ID_APUESTA, ID_JUEGO) VALUES (24, 7, 27, 27);
INSERT INTO CLIENTE_JUEGO_MESA_APUESTA (ID_CLIENTE, ID_MESA_JUEGO, ID_APUESTA, ID_JUEGO) VALUES (26, 8, 28, 28);
INSERT INTO CLIENTE_JUEGO_MESA_APUESTA (ID_CLIENTE, ID_MESA_JUEGO, ID_APUESTA, ID_JUEGO) VALUES (28, 9, 29, 29);
INSERT INTO CLIENTE_JUEGO_MESA_APUESTA (ID_CLIENTE, ID_MESA_JUEGO, ID_APUESTA, ID_JUEGO) VALUES (30, 10, 30, 30);
INSERT INTO CLIENTE_JUEGO_MESA_APUESTA (ID_CLIENTE, ID_MESA_JUEGO, ID_APUESTA, ID_JUEGO) VALUES (2, 11, 1, 1);
INSERT INTO CLIENTE_JUEGO_MESA_APUESTA (ID_CLIENTE, ID_MESA_JUEGO, ID_APUESTA, ID_JUEGO) VALUES (4, 12, 2, 2);
INSERT INTO CLIENTE_JUEGO_MESA_APUESTA (ID_CLIENTE, ID_MESA_JUEGO, ID_APUESTA, ID_JUEGO) VALUES (6, 13, 3, 3);
INSERT INTO CLIENTE_JUEGO_MESA_APUESTA (ID_CLIENTE, ID_MESA_JUEGO, ID_APUESTA, ID_JUEGO) VALUES (8, 14, 4, 4);
INSERT INTO CLIENTE_JUEGO_MESA_APUESTA (ID_CLIENTE, ID_MESA_JUEGO, ID_APUESTA, ID_JUEGO) VALUES (10, 15, 5, 5);
INSERT INTO CLIENTE_JUEGO_MESA_APUESTA (ID_CLIENTE, ID_MESA_JUEGO, ID_APUESTA, ID_JUEGO) VALUES (12, 16, 6, 6);
INSERT INTO CLIENTE_JUEGO_MESA_APUESTA (ID_CLIENTE, ID_MESA_JUEGO, ID_APUESTA, ID_JUEGO) VALUES (14, 17, 7, 7);
INSERT INTO CLIENTE_JUEGO_MESA_APUESTA (ID_CLIENTE, ID_MESA_JUEGO, ID_APUESTA, ID_JUEGO) VALUES (18, 19, 9, 9);
INSERT INTO CLIENTE_JUEGO_MESA_APUESTA (ID_CLIENTE, ID_MESA_JUEGO, ID_APUESTA, ID_JUEGO) VALUES (20, 20, 10, 10);